ip_id,ip_type,region,first_seen
IP0001,office,east,2025-09-29
IP0002,office,west,2026-01-18
IP0003,residential,south,2025-10-25
IP0004,office,west,2025-12-31
IP0005,cloud,east,2026-01-21
IP0006,office,west,2025-09-20
IP0007,office,east,2025-10-22
IP0008,residential,west,2025-11-28
IP0009,residential,north,2026-01-10
IP0010,office,west,2025-10-01
IP0011,vpn,central,2025-10-01
IP0012,residential,central,2025-10-28
IP0013,residential,central,2025-10-03
IP0014,residential,south,2025-10-13
IP0015,residential,north,2025-09-22
IP0016,vpn,west,2026-01-05
IP0017,office,north,2025-12-31
IP0018,residential,south,2025-09-24
IP0019,residential,west,2025-11-22
IP0020,residential,east,2025-12-08
IP0021,residential,west,2025-12-06
IP0022,office,west,2026-01-28
IP0023,cloud,north,2025-12-08
IP0024,office,west,2025-12-15
IP0025,residential,east,2025-09-07
IP0026,office,east,2025-09-14
IP0027,office,east,2025-12-04
IP0028,residential,east,2026-01-17
IP0029,office,east,2025-11-01
IP0030,office,south,2025-12-08
IP0031,cloud,south,2025-10-04
IP0032,residential,north,2025-11-10
IP0033,residential,south,2025-12-24
IP0034,office,south,2025-12-10
IP0035,residential,east,2025-09-20
IP0036,residential,central,2026-01-12
IP0037,cloud,north,2026-01-20
IP0038,residential,south,2025-11-13
IP0039,residential,north,2025-10-24
IP0040,vpn,central,2025-11-21
IP0041,office,west,2026-01-01
IP0042,office,south,2025-11-09
IP0043,office,east,2025-09-07
IP0044,residential,west,2025-09-13
IP0045,residential,central,2026-01-02
IP0046,office,east,2025-12-30
IP0047,residential,south,2025-12-27
IP0048,residential,west,2025-09-21
IP0049,residential,west,2025-09-28
IP0050,cloud,west,2025-11-01
IP0051,residential,north,2025-10-07
IP0052,office,west,2025-10-31
IP0053,residential,north,2025-11-25
IP0054,office,central,2025-10-15
IP0055,residential,central,2025-09-21
IP0056,residential,east,2025-11-02
IP0057,office,west,2025-12-20
IP0058,office,north,2025-12-04
IP0059,residential,central,2025-10-21
IP0060,residential,south,2025-10-19
IP0061,residential,south,2025-11-29
IP0062,residential,west,2025-09-28
IP0063,office,central,2026-01-06
IP0064,residential,east,2026-01-11
IP0065,office,east,2025-09-06
IP0066,residential,east,2026-01-26
IP0067,office,south,2025-09-06
IP0068,residential,east,2025-11-10
IP0069,residential,central,2025-12-12
IP0070,residential,south,2025-10-22
IP0071,cloud,west,2025-10-03
IP0072,office,west,2025-09-10
IP0073,cloud,central,2025-12-21
IP0074,residential,west,2025-09-08
IP0075,residential,central,2025-11-14
IP0076,residential,west,2025-10-31
IP0077,residential,central,2026-01-26
IP0078,office,west,2026-01-20
IP0079,cloud,central,2026-01-03
IP0080,office,central,2025-12-21
IP0081,office,central,2025-11-23
IP0082,residential,east,2025-10-25
IP0083,residential,west,2025-09-27
IP0084,cloud,central,2026-01-26
IP0085,residential,south,2025-10-30
IP0086,residential,north,2025-11-06
IP0087,vpn,central,2025-09-24
IP0088,vpn,west,2025-10-14
IP0089,office,east,2025-12-07
IP0090,residential,west,2025-11-05
IP0091,cloud,north,2025-11-29
IP0092,residential,east,2025-10-04
IP0093,residential,south,2025-09-15
IP0094,residential,south,2026-01-13
IP0095,cloud,central,2025-11-06
IP0096,cloud,east,2025-10-27
IP0097,office,north,2025-10-15
IP0098,residential,south,2025-12-10
IP0099,office,south,2025-11-26
IP0100,residential,central,2025-10-31
IP0101,cloud,south,2026-01-20
IP0102,residential,south,2026-01-16
IP0103,residential,south,2025-10-02
IP0104,office,north,2025-12-08
IP0105,residential,west,2026-01-26
IP0106,cloud,east,2025-11-15
IP0107,residential,east,2025-09-07
IP0108,cloud,south,2025-09-22
IP0109,residential,west,2025-12-12
IP0110,residential,north,2026-01-16
IP0111,residential,central,2025-09-22
IP0112,residential,east,2025-11-24
IP0113,office,south,2025-11-16
IP0114,residential,east,2025-10-15
IP0115,residential,central,2025-12-06
IP0116,office,north,2026-01-12
IP0117,residential,east,2025-10-08
IP0118,office,east,2025-09-11
IP0119,office,central,2025-10-26
IP0120,residential,east,2025-10-20
IP0121,cloud,west,2025-12-21
IP0122,residential,west,2025-11-22
IP0123,residential,central,2025-09-05
IP0124,residential,south,2025-10-23
IP0125,cloud,west,2025-12-22
IP0126,office,south,2025-11-13
IP0127,office,central,2025-11-26
IP0128,vpn,central,2025-10-12
IP0129,residential,south,2025-10-20
IP0130,cloud,east,2025-09-22
IP0131,office,central,2025-09-15
IP0132,vpn,north,2025-09-08
IP0133,cloud,west,2025-12-05
IP0134,vpn,central,2025-09-26
IP0135,residential,central,2025-11-28
IP0136,cloud,north,2026-01-23
IP0137,cloud,west,2025-12-16
IP0138,office,west,2025-11-28
IP0139,residential,north,2025-09-20
IP0140,vpn,west,2025-11-15
IP0141,residential,west,2026-01-14
IP0142,office,central,2025-10-30
IP0143,office,north,2026-01-04
IP0144,residential,central,2025-12-18
IP0145,office,east,2025-10-13
IP0146,residential,south,2025-09-24
IP0147,office,south,2025-09-05
IP0148,cloud,west,2025-10-14
IP0149,residential,central,2025-10-22
IP0150,office,south,2025-12-10
IP0151,residential,central,2025-11-27
IP0152,cloud,west,2025-11-13
IP0153,vpn,north,2025-12-20
IP0154,residential,east,2025-12-27
IP0155,office,central,2025-12-19
IP0156,office,north,2026-01-15
IP0157,office,north,2025-10-26
IP0158,office,north,2026-01-04
IP0159,office,east,2025-11-05
IP0160,office,north,2025-09-30
IP0161,residential,central,2025-09-24
IP0162,residential,north,2025-09-16
IP0163,cloud,north,2026-01-24
IP0164,residential,south,2025-09-28
IP0165,office,west,2026-01-06
IP0166,residential,central,2025-12-29
IP0167,cloud,south,2025-11-07
IP0168,office,east,2026-01-18
IP0169,residential,west,2026-01-17
IP0170,residential,west,2026-01-19
IP0171,residential,north,2025-11-16
IP0172,vpn,central,2025-10-17
IP0173,office,central,2025-09-09
IP0174,residential,west,2026-01-07
IP0175,office,east,2026-01-11
IP0176,residential,south,2025-11-22
IP0177,residential,central,2025-09-13
IP0178,residential,central,2026-01-04
IP0179,residential,east,2025-10-17
IP0180,office,west,2025-11-24
IP0181,cloud,south,2025-12-10
IP0182,cloud,west,2025-09-24
IP0183,cloud,north,2025-09-12
IP0184,residential,central,2025-09-14
IP0185,residential,east,2026-01-24
IP0186,office,east,2026-01-24
IP0187,vpn,north,2025-11-06
IP0188,office,east,2025-11-05
IP0189,office,north,2025-11-03
IP0190,office,central,2025-10-25
IP0191,cloud,west,2025-11-23
IP0192,cloud,east,2025-10-26
IP0193,cloud,central,2025-12-04
IP0194,residential,central,2025-10-29
IP0195,residential,north,2025-12-06
IP0196,office,north,2026-01-22
IP0197,residential,south,2025-10-03
IP0198,vpn,north,2025-09-12
IP0199,office,east,2025-11-20
IP0200,residential,east,2025-09-20
IP0201,residential,east,2025-10-07
IP0202,office,north,2025-12-30
IP0203,office,central,2025-11-04
IP0204,residential,central,2025-11-24
IP0205,cloud,east,2025-12-28
IP0206,residential,north,2025-09-22
IP0207,residential,south,2025-11-13
IP0208,residential,west,2025-09-08
IP0209,office,west,2025-11-16
IP0210,office,south,2025-10-06
IP0211,cloud,central,2026-01-17
IP0212,residential,central,2025-10-12
IP0213,vpn,east,2025-10-03
IP0214,office,south,2025-09-05
IP0215,residential,east,2025-09-22
IP0216,residential,north,2025-10-05
IP0217,residential,east,2025-10-07
IP0218,cloud,north,2025-12-22
IP0219,residential,north,2026-01-14
IP0220,residential,east,2026-01-09
IP0221,office,east,2026-01-24
IP0222,cloud,central,2026-01-15
IP0223,office,east,2025-11-10
IP0224,cloud,central,2025-10-31
IP0225,residential,central,2025-12-09
IP0226,cloud,south,2025-10-20
IP0227,residential,central,2025-12-02
IP0228,residential,east,2026-01-30
IP0229,vpn,east,2025-10-02
IP0230,residential,north,2025-12-27
IP0231,residential,south,2026-01-21
IP0232,office,east,2025-11-22
IP0233,residential,south,2025-10-26
IP0234,residential,east,2025-10-11
IP0235,office,north,2025-09-28
IP0236,cloud,south,2025-10-21
IP0237,cloud,west,2025-12-23
IP0238,residential,west,2025-11-19
IP0239,office,central,2025-10-06
IP0240,cloud,central,2025-11-23
IP0241,residential,central,2026-01-02
IP0242,residential,north,2025-09-05
IP0243,residential,west,2025-09-06
IP0244,office,south,2026-01-24
IP0245,residential,south,2025-12-24
IP0246,office,south,2025-11-28
IP0247,vpn,east,2026-01-16
IP0248,residential,north,2025-11-30
IP0249,office,east,2025-11-20
IP0250,residential,north,2025-10-04
IP0251,residential,east,2026-01-02
IP0252,cloud,west,2025-12-26
IP0253,residential,north,2025-10-17
IP0254,vpn,north,2025-12-22
IP0255,office,central,2025-12-21
IP0256,residential,west,2025-09-17
IP0257,residential,south,2025-09-27
IP0258,residential,central,2025-12-01
IP0259,cloud,south,2025-12-05
IP0260,office,central,2025-12-10
IP0261,residential,north,2025-10-28
IP0262,office,west,2026-01-06
IP0263,office,north,2025-11-08
IP0264,cloud,north,2025-10-03
IP0265,residential,east,2025-09-20
IP0266,residential,north,2026-01-12
IP0267,residential,east,2025-12-18
IP0268,residential,south,2025-11-11
IP0269,residential,north,2025-10-04
IP0270,residential,central,2025-09-17
IP0271,residential,central,2025-09-25
IP0272,residential,central,2025-09-18
IP0273,residential,north,2025-11-21
IP0274,cloud,south,2025-10-02
IP0275,office,south,2025-09-22
IP0276,residential,south,2025-10-15
IP0277,office,east,2025-12-16
IP0278,residential,east,2025-11-16
IP0279,cloud,east,2025-09-26
IP0280,office,south,2025-12-24
IP0281,office,central,2025-11-15
IP0282,cloud,central,2025-10-01
IP0283,cloud,south,2025-12-15
IP0284,cloud,south,2026-01-29
IP0285,residential,east,2025-11-23
IP0286,residential,south,2025-09-27
IP0287,office,central,2025-10-19
IP0288,residential,east,2025-12-01
IP0289,office,north,2026-01-30
IP0290,cloud,north,2026-01-20
IP0291,residential,north,2026-01-20
IP0292,residential,south,2026-01-05
IP0293,office,south,2025-11-28
IP0294,residential,central,2025-12-09
IP0295,office,central,2025-12-22
IP0296,office,north,2025-12-19
IP0297,residential,central,2025-12-07
IP0298,office,east,2025-09-23
IP0299,office,south,2026-01-12
IP0300,office,east,2025-09-04
IP0301,residential,east,2025-11-05
IP0302,office,north,2025-11-07
IP0303,office,central,2026-01-30
IP0304,residential,north,2025-09-16
IP0305,office,north,2025-11-13
IP0306,cloud,south,2025-10-26
IP0307,residential,north,2025-09-17
IP0308,office,north,2025-10-06
IP0309,vpn,south,2025-11-05
IP0310,cloud,south,2026-01-18
IP0311,residential,north,2025-10-31
IP0312,office,central,2026-01-13
IP0313,vpn,central,2025-12-22
IP0314,office,west,2026-01-03
IP0315,residential,east,2026-01-09
IP0316,residential,central,2025-12-19
IP0317,cloud,south,2025-12-22
IP0318,residential,east,2025-09-26
IP0319,residential,north,2025-12-19
IP0320,residential,west,2025-09-10
IP0321,cloud,north,2025-12-22
IP0322,residential,west,2025-12-10
IP0323,cloud,west,2025-12-25
IP0324,office,south,2025-12-08
IP0325,vpn,west,2025-10-28
IP0326,cloud,south,2025-10-28
IP0327,residential,south,2025-12-01
IP0328,office,east,2025-11-12
IP0329,residential,south,2025-10-24
IP0330,vpn,west,2025-11-15
IP0331,residential,south,2025-11-22
IP0332,office,east,2025-10-08
IP0333,cloud,central,2025-12-07
IP0334,residential,south,2025-10-20
IP0335,cloud,east,2025-10-13
IP0336,residential,central,2025-11-04
IP0337,residential,south,2025-09-18
IP0338,residential,north,2025-12-02
IP0339,residential,south,2025-12-22
IP0340,office,central,2026-01-24
IP0341,cloud,west,2025-10-15
IP0342,residential,central,2025-11-22
IP0343,office,south,2025-11-17
IP0344,cloud,central,2025-12-21
IP0345,cloud,south,2025-12-05
IP0346,residential,west,2026-01-02
IP0347,vpn,central,2026-01-08
IP0348,residential,south,2025-09-20
IP0349,office,central,2025-10-26
IP0350,office,west,2025-12-09
IP0351,cloud,west,2025-11-23
IP0352,residential,west,2025-11-14
IP0353,residential,north,2025-09-28
IP0354,cloud,west,2025-11-27
IP0355,residential,south,2025-12-23
IP0356,residential,south,2025-09-08
IP0357,office,north,2025-11-30
IP0358,office,north,2026-01-16
IP0359,residential,central,2025-11-28
IP0360,residential,south,2026-01-23
IP0361,vpn,south,2025-10-25
IP0362,residential,east,2025-09-03
IP0363,residential,west,2025-12-14
IP0364,residential,east,2025-10-04
IP0365,residential,east,2025-09-04
IP0366,vpn,central,2025-09-30
IP0367,residential,east,2026-01-21
IP0368,residential,west,2025-12-29
IP0369,office,central,2025-10-14
IP0370,residential,west,2025-12-01
IP0371,residential,north,2025-10-23
IP0372,vpn,south,2025-09-29
IP0373,office,west,2026-01-29
IP0374,residential,east,2026-01-03
IP0375,residential,south,2025-10-27
IP0376,residential,south,2025-10-26
IP0377,residential,north,2026-01-03
IP0378,office,south,2025-11-11
IP0379,office,west,2025-10-29
IP0380,office,north,2025-10-31
IP0381,cloud,central,2025-11-09
IP0382,residential,south,2025-11-20
IP0383,vpn,central,2025-09-09
IP0384,office,south,2025-11-14
IP0385,residential,central,2025-11-07
IP0386,cloud,east,2025-10-14
IP0387,residential,central,2025-10-26
IP0388,office,north,2025-11-05
IP0389,office,west,2025-10-27
IP0390,residential,south,2026-01-17
IP0391,cloud,south,2025-11-21
IP0392,residential,north,2025-11-17
IP0393,cloud,central,2025-10-12
IP0394,residential,west,2026-01-18
IP0395,residential,central,2025-09-06
IP0396,residential,east,2025-11-24
IP0397,cloud,north,2025-09-28
IP0398,residential,south,2025-12-27
IP0399,cloud,east,2025-10-29
IP0400,residential,north,2025-10-17
IP0401,residential,central,2025-09-11
IP0402,residential,central,2025-12-30
IP0403,residential,east,2025-11-01
IP0404,vpn,east,2025-10-12
IP0405,residential,west,2026-01-07
IP0406,office,west,2025-09-05
IP0407,office,north,2025-11-12
IP0408,office,east,2025-09-27
IP0409,office,west,2025-09-22
IP0410,cloud,central,2025-09-06
IP0411,office,east,2025-10-01
IP0412,office,central,2026-01-23
IP0413,office,east,2025-11-08
IP0414,office,south,2026-01-30
IP0415,residential,east,2025-10-13
IP0416,office,west,2025-12-26
IP0417,residential,central,2025-09-16
IP0418,cloud,south,2025-09-19
IP0419,vpn,south,2025-09-05
IP0420,vpn,west,2026-01-15
IP0421,cloud,west,2025-12-12
IP0422,office,south,2025-12-23
IP0423,office,west,2026-01-20
IP0424,residential,north,2025-10-22
IP0425,residential,south,2025-12-20
IP0426,residential,central,2025-11-17
IP0427,residential,east,2025-11-23
IP0428,vpn,central,2025-12-11
IP0429,cloud,south,2025-11-12
IP0430,office,south,2025-09-06
IP0431,residential,central,2025-09-14
IP0432,office,central,2025-11-17
IP0433,residential,central,2025-11-27
IP0434,cloud,south,2025-12-21
IP0435,vpn,central,2025-11-27
IP0436,residential,east,2025-10-01
IP0437,residential,central,2025-10-28
IP0438,residential,central,2025-11-08
IP0439,residential,east,2026-01-28
IP0440,residential,south,2025-11-21
IP0441,residential,central,2025-12-07
IP0442,residential,east,2025-12-22
IP0443,residential,east,2025-10-27
IP0444,residential,west,2026-01-25
IP0445,office,central,2025-12-13
IP0446,residential,north,2026-01-08
IP0447,cloud,central,2025-12-24
IP0448,residential,east,2025-12-05
IP0449,residential,north,2025-09-07
IP0450,residential,south,2025-11-29
IP0451,office,east,2025-09-22
IP0452,residential,west,2025-12-02
IP0453,office,east,2025-12-17
IP0454,residential,north,2025-11-23
IP0455,vpn,east,2025-10-19
IP0456,residential,south,2025-09-11
IP0457,residential,south,2025-12-12
IP0458,cloud,west,2025-12-16
IP0459,residential,central,2025-11-13
IP0460,residential,north,2025-12-19
IP0461,cloud,west,2025-12-28
IP0462,residential,east,2025-11-18
IP0463,residential,south,2025-09-10
IP0464,residential,west,2026-01-11
IP0465,residential,south,2025-11-12
IP0466,cloud,west,2025-12-12
IP0467,office,east,2026-01-17
IP0468,office,north,2025-10-27
IP0469,residential,west,2025-12-05
IP0470,office,central,2025-09-05
IP0471,office,east,2026-01-13
IP0472,residential,west,2025-09-11
IP0473,cloud,north,2025-11-23
IP0474,office,south,2025-10-25
IP0475,cloud,south,2025-09-08
IP0476,residential,west,2025-11-11
IP0477,residential,south,2026-01-21
IP0478,office,west,2025-09-28
IP0479,cloud,south,2025-10-16
IP0480,residential,west,2025-10-01
IP0481,residential,south,2025-09-21
IP0482,cloud,east,2025-10-07
IP0483,residential,north,2025-11-27
IP0484,residential,west,2025-12-29
IP0485,office,north,2025-12-15
IP0486,residential,central,2025-12-27
IP0487,residential,central,2025-12-19
IP0488,residential,east,2025-10-30
IP0489,cloud,central,2026-01-16
IP0490,residential,central,2025-09-28
IP0491,office,north,2025-12-16
IP0492,vpn,west,2025-09-19
IP0493,office,south,2025-12-26
IP0494,office,central,2025-09-16
IP0495,office,central,2025-10-05
IP0496,residential,central,2025-10-31
IP0497,office,east,2025-12-16
IP0498,vpn,north,2025-09-09
IP0499,cloud,north,2025-10-11
IP0500,residential,north,2025-10-23
IP0501,residential,central,2025-12-21
IP0502,cloud,east,2026-01-25
IP0503,residential,south,2025-12-04
IP0504,cloud,east,2025-11-18
IP0505,residential,north,2025-10-23
IP0506,office,east,2026-01-04
IP0507,cloud,east,2025-09-19
IP0508,residential,west,2025-09-22
IP0509,residential,north,2025-10-03
IP0510,cloud,central,2025-10-13
IP0511,residential,north,2025-11-11
IP0512,residential,east,2026-01-22
IP0513,office,south,2025-12-09
IP0514,residential,west,2025-10-30
IP0515,office,west,2025-10-04
IP0516,residential,north,2025-12-09
IP0517,residential,east,2025-10-10
IP0518,cloud,east,2026-01-27
IP0519,residential,east,2025-11-13
IP0520,residential,north,2025-11-24
IP0521,office,north,2026-01-16
IP0522,cloud,east,2025-10-18
IP0523,office,south,2025-11-12
IP0524,cloud,east,2025-11-21
IP0525,residential,north,2025-10-13
IP0526,residential,west,2025-09-11
IP0527,vpn,north,2025-10-15
IP0528,cloud,west,2025-09-19
IP0529,office,central,2025-12-13
IP0530,residential,south,2025-09-04
IP0531,residential,north,2025-10-20
IP0532,residential,north,2026-01-13
IP0533,cloud,south,2025-11-27
IP0534,cloud,north,2025-12-12
IP0535,residential,central,2025-12-12
IP0536,residential,central,2025-10-17
IP0537,residential,central,2025-12-06
IP0538,residential,central,2025-10-06
IP0539,office,east,2025-12-07
IP0540,office,south,2025-12-14
IP0541,residential,east,2026-01-12
IP0542,office,south,2026-01-18
IP0543,vpn,central,2025-09-06
IP0544,residential,east,2025-10-17
IP0545,residential,south,2025-11-24
IP0546,office,west,2025-10-21
IP0547,residential,south,2025-12-04
IP0548,office,south,2026-01-09
IP0549,office,south,2025-10-11
IP0550,residential,north,2026-01-15
IP0551,residential,north,2026-01-13
IP0552,cloud,east,2026-01-18
IP0553,residential,central,2025-09-14
IP0554,office,south,2025-10-16
IP0555,office,west,2025-09-21
IP0556,cloud,south,2025-09-21
IP0557,office,south,2025-09-10
IP0558,cloud,north,2025-11-07
IP0559,office,east,2025-09-16
IP0560,residential,west,2025-10-17
IP0561,residential,south,2026-01-28
IP0562,residential,east,2026-01-13
IP0563,residential,east,2026-01-21
IP0564,residential,south,2025-09-08
IP0565,residential,west,2025-12-11
IP0566,residential,east,2025-12-07
IP0567,residential,north,2025-09-22
IP0568,residential,east,2026-01-16
IP0569,cloud,south,2025-11-02
IP0570,office,west,2026-01-27
IP0571,cloud,south,2025-09-20
IP0572,office,central,2025-12-09
IP0573,cloud,west,2025-09-22
IP0574,cloud,north,2026-01-23
IP0575,residential,east,2025-12-03
IP0576,vpn,central,2025-09-14
IP0577,residential,south,2025-10-05
IP0578,office,west,2025-10-26
IP0579,cloud,west,2025-09-04
IP0580,residential,west,2025-09-04
IP0581,office,north,2026-01-19
IP0582,residential,south,2026-01-28
IP0583,residential,south,2025-11-22
IP0584,residential,south,2026-01-16
IP0585,residential,central,2025-12-10
IP0586,residential,north,2025-09-07
IP0587,office,east,2025-12-19
IP0588,office,central,2025-09-05
IP0589,residential,central,2026-01-03
IP0590,office,west,2025-10-28
IP0591,residential,central,2025-09-24
IP0592,residential,east,2025-10-11
IP0593,cloud,west,2025-12-14
IP0594,cloud,east,2026-01-08
IP0595,residential,north,2025-11-27
IP0596,residential,north,2025-09-27
IP0597,cloud,central,2026-01-16
IP0598,cloud,north,2025-12-30
IP0599,residential,south,2025-11-03
IP0600,residential,west,2025-11-25
IP0601,residential,east,2026-01-25
IP0602,office,east,2025-10-29
IP0603,cloud,central,2025-09-06
IP0604,office,west,2025-09-24
IP0605,residential,central,2025-12-02
IP0606,office,west,2026-01-30
IP0607,cloud,central,2025-12-22
IP0608,residential,west,2025-12-04
IP0609,cloud,east,2025-10-21
IP0610,residential,central,2025-11-07
IP0611,residential,central,2025-09-08
IP0612,office,north,2025-10-28
IP0613,residential,central,2025-12-05
IP0614,vpn,west,2026-01-16
IP0615,office,central,2026-01-19
IP0616,residential,west,2026-01-04
IP0617,residential,central,2025-09-06
IP0618,office,south,2026-01-02
IP0619,residential,north,2025-10-05
IP0620,office,north,2025-12-04
IP0621,residential,south,2026-01-22
IP0622,residential,south,2026-01-14
IP0623,office,east,2025-12-11
IP0624,residential,north,2025-10-17
IP0625,office,north,2025-11-20
IP0626,office,east,2025-12-17
IP0627,residential,west,2025-11-19
IP0628,office,north,2025-11-02
IP0629,cloud,east,2025-11-02
IP0630,cloud,west,2025-12-01
IP0631,residential,west,2025-09-08
IP0632,residential,north,2026-01-30
IP0633,office,west,2025-09-18
IP0634,office,north,2026-01-28
IP0635,office,south,2025-09-08
IP0636,office,south,2025-11-18
IP0637,cloud,central,2025-11-04
IP0638,residential,north,2025-11-28
IP0639,office,west,2025-11-07
IP0640,residential,central,2026-01-15
IP0641,residential,central,2025-09-05
IP0642,office,south,2026-01-28
IP0643,office,north,2025-12-15
IP0644,residential,south,2025-12-28
IP0645,cloud,west,2025-09-23
IP0646,cloud,north,2025-09-12
IP0647,office,west,2025-11-01
IP0648,vpn,south,2025-10-21
IP0649,residential,west,2025-12-29
IP0650,cloud,west,2026-01-15
IP0651,residential,east,2025-11-06
IP0652,residential,west,2025-12-27
IP0653,residential,central,2025-09-11
IP0654,residential,south,2025-12-23
IP0655,office,east,2025-09-17
IP0656,residential,west,2025-12-12
IP0657,office,central,2025-10-30
IP0658,residential,east,2025-11-04
IP0659,residential,south,2025-10-14
IP0660,vpn,central,2025-11-02
IP0661,office,central,2026-01-12
IP0662,vpn,east,2026-01-02
IP0663,office,north,2025-10-24
IP0664,residential,south,2025-10-17
IP0665,office,east,2025-11-18
IP0666,office,west,2025-12-14
IP0667,residential,west,2025-09-30
IP0668,cloud,central,2025-12-20
IP0669,office,north,2026-01-23
IP0670,office,east,2026-01-07
IP0671,office,west,2025-11-24
IP0672,office,central,2025-10-20
IP0673,residential,north,2025-10-21
IP0674,vpn,central,2025-12-23
IP0675,residential,north,2025-11-10
IP0676,residential,north,2025-09-18
IP0677,residential,central,2025-12-13
IP0678,office,west,2025-09-23
IP0679,vpn,central,2026-01-29
IP0680,cloud,west,2025-11-04
IP0681,office,west,2025-10-24
IP0682,vpn,east,2025-09-11
IP0683,office,east,2025-09-28
IP0684,residential,east,2026-01-23
IP0685,office,south,2025-11-22
IP0686,residential,central,2026-01-16
IP0687,residential,south,2026-01-24
IP0688,residential,west,2025-09-10
IP0689,residential,west,2025-10-30
IP0690,vpn,east,2026-01-06
IP0691,vpn,west,2025-11-16
IP0692,residential,north,2025-11-18
IP0693,office,south,2025-11-27
IP0694,residential,east,2025-12-17
IP0695,residential,south,2026-01-21
IP0696,residential,central,2026-01-14
IP0697,residential,central,2025-12-05
IP0698,residential,west,2025-11-28
IP0699,residential,south,2025-10-27
IP0700,residential,north,2025-09-20
IP0701,residential,west,2025-12-18
IP0702,cloud,central,2025-09-03
IP0703,residential,east,2025-12-16
IP0704,residential,central,2025-11-16
IP0705,office,central,2025-12-29
IP0706,residential,east,2026-01-23
IP0707,office,south,2025-11-24
IP0708,residential,north,2025-11-27
IP0709,office,west,2025-11-15
IP0710,office,east,2025-10-28
IP0711,office,north,2025-09-16
IP0712,office,north,2025-09-07
IP0713,residential,central,2025-12-20
IP0714,residential,south,2026-01-18
IP0715,residential,south,2025-09-11
IP0716,office,west,2025-10-22
IP0717,residential,south,2025-12-03
IP0718,residential,central,2025-12-17
IP0719,office,west,2025-12-22
IP0720,residential,south,2025-12-16
IP0721,residential,south,2025-09-15
IP0722,office,central,2025-10-11
IP0723,residential,east,2025-11-12
IP0724,cloud,central,2025-09-12
IP0725,vpn,south,2025-10-24
IP0726,vpn,north,2025-10-30
IP0727,residential,central,2026-01-27
IP0728,residential,south,2025-10-20
IP0729,office,central,2026-01-26
IP0730,office,west,2025-12-17
IP0731,office,south,2025-12-15
IP0732,residential,west,2026-01-03
IP0733,residential,north,2026-01-07
IP0734,residential,south,2025-10-06
IP0735,residential,south,2025-11-05
IP0736,residential,west,2025-11-21
IP0737,vpn,east,2026-01-27
IP0738,residential,west,2025-09-09
IP0739,office,east,2025-11-13
IP0740,vpn,west,2025-10-05
IP0741,residential,north,2025-10-04
IP0742,office,west,2025-12-26
IP0743,office,north,2025-10-03
IP0744,residential,north,2025-12-31
IP0745,residential,west,2026-01-30
IP0746,cloud,north,2025-12-28
IP0747,office,west,2025-09-28
IP0748,cloud,north,2025-09-24
IP0749,vpn,north,2025-11-07
IP0750,residential,central,2025-11-24
