customer_id,customer_since,region
C0001,2025-04-19,west
C0002,2025-10-18,central
C0003,2025-08-10,north
C0004,2025-03-25,east
C0005,2025-09-18,west
C0006,2025-08-05,south
C0007,2025-10-24,west
C0008,2025-02-26,east
C0009,2025-03-26,central
C0010,2025-04-21,central
C0011,2025-05-05,north
C0012,2025-11-21,south
C0013,2025-09-25,east
C0014,2025-07-18,north
C0015,2025-07-17,south
C0016,2025-11-20,central
C0017,2025-06-13,north
C0018,2025-03-24,south
C0019,2025-02-19,west
C0020,2025-05-01,south
C0021,2025-08-27,south
C0022,2025-06-21,central
C0023,2025-06-03,south
C0024,2025-06-25,north
C0025,2025-12-22,north
C0026,2025-12-31,central
C0027,2025-02-28,south
C0028,2025-02-11,east
C0029,2025-03-31,north
C0030,2025-11-07,south
C0031,2025-06-17,central
C0032,2025-11-12,east
C0033,2025-08-25,central
C0034,2025-07-21,south
C0035,2025-04-13,east
C0036,2025-05-06,west
C0037,2025-02-23,south
C0038,2025-07-09,south
C0039,2025-04-13,west
C0040,2025-04-17,south
C0041,2025-01-15,east
C0042,2025-10-19,central
C0043,2025-12-09,north
C0044,2025-07-01,south
C0045,2025-07-15,north
C0046,2025-12-04,south
C0047,2025-07-06,north
C0048,2025-08-16,west
C0049,2025-06-06,north
C0050,2025-07-07,west
C0051,2025-07-10,south
C0052,2025-09-17,south
C0053,2025-08-09,south
C0054,2025-07-03,west
C0055,2025-01-28,south
C0056,2025-11-27,south
C0057,2025-11-21,west
C0058,2025-03-09,east
C0059,2025-04-18,north
C0060,2025-12-22,central
C0061,2025-04-28,south
C0062,2025-10-24,north
C0063,2025-10-14,east
C0064,2025-11-11,north
C0065,2025-01-06,north
C0066,2025-06-26,west
C0067,2025-07-26,north
C0068,2025-11-02,west
C0069,2025-03-23,central
C0070,2025-04-22,east
C0071,2025-03-07,west
C0072,2025-10-06,west
C0073,2025-12-31,central
C0074,2025-02-21,south
C0075,2025-03-27,north
C0076,2025-04-23,east
C0077,2025-11-21,east
C0078,2025-06-12,north
C0079,2025-04-13,east
C0080,2025-04-28,north
C0081,2025-08-07,central
C0082,2025-05-22,south
C0083,2025-02-21,north
C0084,2025-10-27,north
C0085,2025-06-04,south
C0086,2025-04-04,south
C0087,2025-09-23,north
C0088,2025-09-30,south
C0089,2025-02-26,north
C0090,2025-01-27,south
C0091,2025-01-17,south
C0092,2025-10-07,south
C0093,2025-08-17,south
C0094,2025-10-17,north
C0095,2025-08-17,north
C0096,2025-05-27,north
C0097,2025-08-04,west
C0098,2025-09-21,central
C0099,2025-05-26,central
C0100,2025-12-01,east
C0101,2025-11-25,east
C0102,2025-10-20,south
C0103,2025-12-29,west
C0104,2025-05-23,west
C0105,2025-02-11,west
C0106,2025-06-26,central
C0107,2025-09-30,south
C0108,2025-10-12,west
C0109,2025-05-22,west
C0110,2025-04-17,south
C0111,2025-06-12,central
C0112,2025-10-21,north
C0113,2025-01-23,central
C0114,2025-04-30,west
C0115,2025-03-25,north
C0116,2025-10-22,east
C0117,2025-06-21,north
C0118,2025-02-01,west
C0119,2025-04-06,west
C0120,2025-01-17,east
C0121,2025-06-23,west
C0122,2025-12-31,north
C0123,2025-07-27,south
C0124,2025-11-14,south
C0125,2025-09-29,north
C0126,2025-11-19,south
C0127,2025-04-24,south
C0128,2025-12-14,south
C0129,2025-03-29,south
C0130,2025-06-09,west
C0131,2025-09-06,south
C0132,2025-04-15,central
C0133,2025-04-07,south
C0134,2025-02-17,south
C0135,2025-01-02,east
C0136,2025-07-02,south
C0137,2025-12-27,south
C0138,2025-03-22,east
C0139,2025-06-10,north
C0140,2025-12-08,south
C0141,2025-10-09,east
C0142,2025-01-02,south
C0143,2025-07-02,west
C0144,2025-02-22,south
C0145,2025-04-01,central
C0146,2025-03-31,west
C0147,2025-08-12,central
C0148,2025-03-14,west
C0149,2025-04-02,north
C0150,2025-03-24,east
C0151,2025-05-11,north
C0152,2025-08-28,west
C0153,2025-05-26,east
C0154,2025-04-30,south
C0155,2025-07-08,central
C0156,2025-08-13,north
C0157,2025-01-06,east
C0158,2025-11-21,west
C0159,2025-12-01,north
C0160,2025-08-08,east
C0161,2025-07-29,west
C0162,2025-09-11,north
C0163,2025-06-10,east
C0164,2025-05-14,south
C0165,2025-05-09,west
C0166,2025-02-28,north
C0167,2025-11-04,central
C0168,2025-04-28,central
C0169,2025-04-14,north
C0170,2025-12-18,south
C0171,2025-07-04,east
C0172,2025-08-15,west
C0173,2025-03-31,south
C0174,2025-04-12,north
C0175,2025-09-23,north
C0176,2025-06-14,central
C0177,2025-02-23,south
C0178,2025-11-01,west
C0179,2025-05-28,east
C0180,2025-09-01,central
C0181,2025-05-05,north
C0182,2025-07-24,north
C0183,2025-10-11,central
C0184,2025-11-20,central
C0185,2025-03-17,south
C0186,2025-09-03,south
C0187,2025-11-30,south
C0188,2025-08-23,south
C0189,2025-02-22,north
C0190,2025-03-11,central
C0191,2025-03-16,south
C0192,2025-02-08,west
C0193,2025-10-03,north
C0194,2025-12-19,north
C0195,2025-07-08,east
C0196,2025-08-07,south
C0197,2025-10-10,east
C0198,2025-06-01,north
C0199,2025-06-22,central
C0200,2025-08-03,west
C0201,2025-04-22,west
C0202,2025-01-23,north
C0203,2025-07-27,south
C0204,2025-10-28,south
C0205,2025-01-27,east
C0206,2025-03-21,south
C0207,2025-04-06,north
C0208,2025-10-21,south
C0209,2025-07-04,south
C0210,2025-07-15,south
C0211,2025-08-24,north
C0212,2025-04-11,south
C0213,2025-09-18,east
C0214,2025-01-12,south
C0215,2025-02-11,south
C0216,2025-10-25,east
C0217,2025-08-29,west
C0218,2025-03-06,south
C0219,2025-06-10,east
C0220,2025-01-19,central
C0221,2025-09-03,east
C0222,2025-10-03,central
C0223,2025-04-12,west
C0224,2025-05-08,north
C0225,2025-03-28,south
C0226,2025-05-23,west
C0227,2025-04-10,central
C0228,2025-04-01,south
C0229,2025-06-07,north
C0230,2025-11-10,east
C0231,2025-10-06,north
C0232,2025-04-19,west
C0233,2025-12-11,east
C0234,2025-03-18,west
C0235,2025-11-29,west
C0236,2025-04-23,east
C0237,2025-07-17,east
C0238,2025-03-16,west
C0239,2025-10-06,west
C0240,2025-04-26,west
C0241,2025-11-15,north
C0242,2025-01-31,east
C0243,2025-07-03,north
C0244,2025-02-27,west
C0245,2025-11-21,east
C0246,2025-06-02,south
C0247,2025-09-04,north
C0248,2025-11-18,south
C0249,2025-07-15,west
C0250,2025-01-21,north
C0251,2025-03-22,north
C0252,2025-03-19,central
C0253,2025-11-30,west
C0254,2025-11-28,north
C0255,2025-06-24,south
C0256,2025-11-21,central
C0257,2025-03-31,west
C0258,2025-09-05,east
C0259,2025-05-24,south
C0260,2025-03-29,south
C0261,2025-04-02,north
C0262,2025-06-03,west
C0263,2025-05-04,north
C0264,2025-03-19,north
C0265,2025-05-02,west
C0266,2025-02-16,central
C0267,2025-12-20,west
C0268,2025-05-19,south
C0269,2025-02-09,east
C0270,2025-07-30,south
C0271,2025-11-19,south
C0272,2025-05-12,east
C0273,2025-11-05,south
C0274,2025-08-11,east
C0275,2025-09-27,central
C0276,2025-04-19,central
C0277,2025-01-14,north
C0278,2025-05-07,south
C0279,2025-12-04,north
C0280,2025-10-16,south
C0281,2025-10-14,south
C0282,2025-11-17,north
C0283,2025-05-17,west
C0284,2025-04-28,east
C0285,2025-12-04,central
C0286,2025-07-28,north
C0287,2025-04-19,north
C0288,2025-04-12,south
C0289,2025-11-17,north
C0290,2025-01-20,south
C0291,2025-01-23,central
C0292,2025-09-27,north
C0293,2025-01-01,north
C0294,2025-03-04,east
C0295,2025-12-28,east
C0296,2025-06-05,east
C0297,2025-09-23,south
C0298,2025-06-27,west
C0299,2025-02-03,north
C0300,2025-03-09,south
C0301,2025-10-05,west
C0302,2025-02-04,west
C0303,2025-08-06,south
C0304,2025-05-08,east
C0305,2025-05-16,north
C0306,2025-12-14,north
C0307,2025-08-10,north
C0308,2025-08-13,west
C0309,2025-05-08,south
C0310,2025-05-20,west
C0311,2025-09-08,north
C0312,2025-01-15,west
C0313,2025-03-28,west
C0314,2025-08-08,north
C0315,2025-08-16,north
C0316,2025-02-03,north
C0317,2025-10-15,west
C0318,2025-07-18,north
C0319,2025-03-28,east
C0320,2025-10-02,south
C0321,2025-12-28,west
C0322,2025-06-04,east
C0323,2025-04-14,east
C0324,2025-04-20,central
C0325,2025-08-05,north
C0326,2025-01-18,west
C0327,2025-06-26,north
C0328,2025-01-10,south
C0329,2025-01-15,central
C0330,2025-06-06,west
C0331,2025-09-30,west
C0332,2025-11-19,south
C0333,2025-02-01,south
C0334,2025-03-31,south
C0335,2025-06-03,east
C0336,2025-07-29,south
C0337,2025-12-27,south
C0338,2025-09-07,south
C0339,2025-07-16,south
C0340,2025-01-23,south
C0341,2025-01-30,north
C0342,2025-02-25,west
C0343,2025-08-30,east
C0344,2025-05-01,north
C0345,2025-03-29,west
C0346,2025-09-02,west
C0347,2025-10-25,north
C0348,2025-06-10,north
C0349,2025-11-18,north
C0350,2025-09-25,north
C0351,2025-09-19,west
C0352,2025-11-13,central
C0353,2025-03-09,north
C0354,2025-10-04,west
C0355,2025-12-16,north
C0356,2025-12-29,east
C0357,2025-07-30,west
C0358,2025-10-03,south
C0359,2025-11-21,north
C0360,2025-11-08,east
C0361,2025-11-24,central
C0362,2025-10-31,south
C0363,2025-05-20,north
C0364,2025-09-24,north
C0365,2025-05-30,east
C0366,2025-10-20,east
C0367,2025-10-23,west
C0368,2025-12-08,west
C0369,2025-08-03,central
C0370,2025-06-23,west
C0371,2025-03-02,south
C0372,2025-08-21,east
C0373,2025-07-26,south
C0374,2025-07-07,south
C0375,2025-09-04,central
C0376,2025-11-07,west
C0377,2025-02-24,central
C0378,2025-06-07,south
C0379,2025-09-21,east
C0380,2025-10-27,east
C0381,2025-10-12,north
C0382,2025-10-19,north
C0383,2025-11-09,east
C0384,2025-12-18,north
C0385,2025-08-10,central
C0386,2025-04-01,north
C0387,2025-07-25,north
C0388,2025-09-17,west
C0389,2025-02-06,north
C0390,2025-10-04,central
C0391,2025-07-18,west
C0392,2025-12-08,north
C0393,2025-03-19,west
C0394,2025-11-28,east
C0395,2025-06-13,west
C0396,2025-07-29,west
C0397,2025-08-29,west
C0398,2025-07-31,east
C0399,2025-11-26,south
C0400,2025-03-03,west
C0401,2025-09-24,central
C0402,2025-12-22,east
C0403,2025-03-22,west
C0404,2025-04-04,south
C0405,2025-06-23,west
C0406,2025-09-22,central
C0407,2025-12-17,north
C0408,2025-10-18,north
C0409,2025-10-17,east
C0410,2025-06-11,east
C0411,2025-08-24,east
C0412,2025-03-19,north
C0413,2025-06-19,south
C0414,2025-03-10,east
C0415,2025-01-10,east
C0416,2025-11-09,east
C0417,2025-10-21,west
C0418,2025-07-06,east
C0419,2025-01-06,west
C0420,2025-02-02,east
C0421,2025-02-10,east
C0422,2025-09-19,east
C0423,2025-03-16,north
C0424,2025-04-02,south
C0425,2025-11-11,east
C0426,2025-11-16,west
C0427,2025-10-06,west
C0428,2025-04-23,north
C0429,2025-07-31,east
C0430,2025-03-15,north
C0431,2025-11-10,west
C0432,2025-01-31,west
C0433,2025-09-29,east
C0434,2025-07-06,east
C0435,2025-10-04,south
C0436,2025-06-14,south
C0437,2025-02-27,west
C0438,2025-10-02,west
C0439,2025-08-19,east
C0440,2025-06-19,south
C0441,2025-05-17,north
C0442,2025-05-06,north
C0443,2025-06-25,north
C0444,2025-04-06,south
C0445,2025-04-14,central
C0446,2025-04-12,east
C0447,2025-01-05,north
C0448,2025-12-05,north
C0449,2025-03-28,south
C0450,2025-03-02,west
C0451,2025-02-25,south
C0452,2025-12-27,west
C0453,2025-06-24,west
C0454,2025-04-30,north
C0455,2025-05-28,east
C0456,2025-02-02,central
C0457,2025-04-25,south
C0458,2025-04-01,north
C0459,2025-10-21,central
C0460,2025-01-22,central
C0461,2025-06-05,east
C0462,2025-10-16,east
C0463,2025-11-01,north
C0464,2025-07-07,west
C0465,2025-03-23,east
C0466,2025-05-04,north
C0467,2025-03-23,west
C0468,2025-08-30,central
C0469,2025-04-17,west
C0470,2025-08-19,south
C0471,2025-08-28,north
C0472,2025-12-10,central
C0473,2025-05-16,central
C0474,2025-12-17,east
C0475,2025-05-27,east
C0476,2025-09-06,south
C0477,2025-08-30,south
C0478,2025-10-26,north
C0479,2025-06-21,north
C0480,2025-10-17,north
C0481,2025-05-10,west
C0482,2025-06-29,north
C0483,2025-07-02,north
C0484,2025-09-15,east
C0485,2025-08-14,north
C0486,2025-01-29,north
C0487,2025-10-23,east
C0488,2025-10-04,south
C0489,2025-02-08,east
C0490,2025-12-18,central
C0491,2025-08-30,north
C0492,2025-02-01,central
C0493,2025-06-29,central
C0494,2025-11-02,west
C0495,2025-04-13,east
C0496,2025-12-07,east
C0497,2025-06-02,east
C0498,2025-03-24,west
C0499,2025-05-11,north
C0500,2025-07-11,central
C0501,2025-09-09,east
C0502,2025-12-05,west
C0503,2025-03-13,south
C0504,2025-12-17,north
C0505,2025-07-12,east
C0506,2025-02-16,east
C0507,2025-12-05,south
C0508,2025-05-08,south
C0509,2025-08-15,south
C0510,2025-09-12,east
C0511,2025-01-05,south
C0512,2025-03-22,central
C0513,2025-09-08,north
C0514,2025-04-29,south
C0515,2025-01-04,south
C0516,2025-01-09,east
C0517,2025-10-29,east
C0518,2025-02-26,east
C0519,2025-02-06,central
C0520,2025-07-25,south
C0521,2025-02-13,west
C0522,2025-08-27,north
C0523,2025-07-18,south
C0524,2025-08-25,south
C0525,2025-06-29,north
C0526,2025-10-12,east
C0527,2025-08-24,west
C0528,2025-06-01,west
C0529,2025-01-06,east
C0530,2025-04-10,east
C0531,2025-02-17,south
C0532,2025-01-06,north
C0533,2025-04-10,north
C0534,2025-03-17,east
C0535,2025-01-29,central
C0536,2025-04-25,north
C0537,2025-07-04,east
C0538,2025-03-07,west
C0539,2025-04-10,west
C0540,2025-01-08,east
C0541,2025-01-19,east
C0542,2025-02-27,west
C0543,2025-06-15,west
C0544,2025-09-01,north
C0545,2025-10-15,central
C0546,2025-08-18,north
C0547,2025-08-14,west
C0548,2025-12-08,north
C0549,2025-04-04,north
C0550,2025-10-19,north
C0551,2025-12-08,south
C0552,2025-07-27,south
C0553,2025-11-03,north
C0554,2025-02-20,south
C0555,2025-11-17,south
C0556,2025-07-25,west
C0557,2025-03-22,central
C0558,2025-01-23,east
C0559,2025-09-20,north
C0560,2025-06-07,south
C0561,2025-04-24,central
C0562,2025-05-23,north
C0563,2025-12-28,south
C0564,2025-06-06,central
C0565,2025-01-29,central
C0566,2025-04-13,south
C0567,2025-02-23,west
C0568,2025-09-08,south
C0569,2025-10-20,west
C0570,2025-11-03,north
C0571,2025-08-20,north
C0572,2025-10-08,east
C0573,2025-06-02,north
C0574,2025-08-18,west
C0575,2025-02-09,south
C0576,2025-07-16,central
C0577,2025-07-23,west
C0578,2025-01-12,east
C0579,2025-07-20,west
C0580,2025-09-21,south
C0581,2025-05-15,east
C0582,2025-07-18,north
C0583,2025-04-15,west
C0584,2025-04-09,west
C0585,2025-02-17,central
C0586,2025-04-30,west
C0587,2025-10-21,central
C0588,2025-12-08,north
C0589,2025-08-21,central
C0590,2025-08-16,east
C0591,2025-08-13,south
C0592,2025-06-23,east
C0593,2025-06-04,south
C0594,2025-08-15,south
C0595,2025-10-14,south
C0596,2025-06-01,north
C0597,2025-07-26,east
C0598,2025-06-21,central
C0599,2025-04-15,east
C0600,2025-04-16,east
C0601,2025-01-29,south
C0602,2025-06-10,south
C0603,2025-09-18,north
C0604,2025-09-08,west
C0605,2025-12-26,north
C0606,2025-01-15,west
C0607,2025-10-05,west
C0608,2025-10-18,east
C0609,2025-06-09,west
C0610,2025-04-14,south
C0611,2025-05-11,central
C0612,2025-09-07,west
C0613,2025-11-11,west
C0614,2025-08-23,west
C0615,2025-07-07,west
C0616,2025-08-27,central
C0617,2025-01-26,south
C0618,2025-08-10,west
C0619,2025-01-16,west
C0620,2025-12-17,south
C0621,2025-11-21,central
C0622,2025-07-05,south
C0623,2025-05-17,east
C0624,2025-09-25,north
C0625,2025-08-21,north
C0626,2025-09-15,west
C0627,2025-07-08,south
C0628,2025-03-28,south
C0629,2025-01-27,south
C0630,2025-04-14,east
C0631,2025-07-13,west
C0632,2025-06-04,central
C0633,2025-07-04,north
C0634,2025-04-12,east
C0635,2025-12-09,south
C0636,2025-05-14,east
C0637,2025-11-05,south
C0638,2025-05-23,south
C0639,2025-06-11,south
C0640,2025-08-09,east
C0641,2025-04-07,east
C0642,2025-03-22,south
C0643,2025-05-19,west
C0644,2025-10-21,west
C0645,2025-02-22,south
C0646,2025-06-09,west
C0647,2025-09-03,west
C0648,2025-09-15,north
C0649,2025-06-08,east
C0650,2025-01-30,south
C0651,2025-01-06,west
C0652,2025-06-21,north
C0653,2025-10-23,west
C0654,2025-01-11,south
C0655,2025-11-20,east
C0656,2025-09-04,central
C0657,2025-01-03,south
C0658,2025-05-06,west
C0659,2025-03-22,central
C0660,2025-12-13,west
C0661,2025-07-22,north
C0662,2025-04-29,west
C0663,2025-04-12,north
C0664,2025-07-25,south
C0665,2025-01-02,west
C0666,2025-04-04,west
C0667,2025-03-02,east
C0668,2025-08-15,south
C0669,2025-09-02,west
C0670,2025-06-20,west
C0671,2025-02-21,south
C0672,2025-05-16,central
C0673,2025-11-04,north
C0674,2025-03-16,north
C0675,2025-03-01,east
C0676,2025-02-10,central
C0677,2025-10-26,south
C0678,2025-02-13,south
C0679,2025-08-01,north
C0680,2025-12-31,west
C0681,2025-08-23,north
C0682,2025-05-31,east
C0683,2025-03-17,central
C0684,2025-01-01,north
C0685,2025-02-26,east
C0686,2025-12-14,east
C0687,2025-02-22,west
C0688,2025-01-08,south
C0689,2025-10-25,south
C0690,2025-06-02,north
C0691,2025-05-11,west
C0692,2025-09-19,west
C0693,2025-07-10,north
C0694,2025-11-30,south
C0695,2025-06-20,central
C0696,2025-09-18,north
C0697,2025-11-17,south
C0698,2025-06-19,east
C0699,2025-04-14,south
C0700,2025-12-22,south
C0701,2025-03-24,south
C0702,2025-01-15,north
C0703,2025-07-31,east
C0704,2025-12-27,west
C0705,2025-02-01,east
C0706,2025-11-07,north
C0707,2025-10-31,west
C0708,2025-12-06,north
C0709,2025-06-03,west
C0710,2025-04-03,south
C0711,2025-07-06,west
C0712,2025-02-21,north
C0713,2025-11-04,north
C0714,2025-08-31,east
C0715,2025-06-26,north
C0716,2025-07-08,north
C0717,2025-09-17,west
C0718,2025-07-10,west
C0719,2025-11-03,north
C0720,2025-12-04,central
C0721,2025-12-13,west
C0722,2025-08-15,west
C0723,2025-09-29,west
C0724,2025-04-24,west
C0725,2025-01-14,east
C0726,2025-05-27,east
C0727,2025-11-15,central
C0728,2025-02-18,north
C0729,2025-07-19,south
C0730,2025-03-12,north
C0731,2025-06-06,central
C0732,2025-02-22,south
C0733,2025-09-26,west
C0734,2025-10-23,west
C0735,2025-10-04,central
C0736,2025-09-15,north
C0737,2025-03-27,west
C0738,2025-07-13,central
C0739,2025-02-08,north
C0740,2025-05-17,west
C0741,2025-07-04,south
C0742,2025-09-02,east
C0743,2025-02-05,east
C0744,2025-10-24,south
C0745,2025-06-17,north
C0746,2025-11-18,north
C0747,2025-07-12,north
C0748,2025-07-19,east
C0749,2025-09-10,south
C0750,2025-10-27,north
C0751,2025-02-27,west
C0752,2025-07-06,west
C0753,2025-01-11,east
C0754,2025-06-23,central
C0755,2025-10-24,south
C0756,2025-11-12,west
C0757,2025-04-14,north
C0758,2025-05-22,west
C0759,2025-07-21,central
C0760,2025-05-25,west
C0761,2025-03-06,east
C0762,2025-04-22,east
C0763,2025-05-28,south
C0764,2025-07-09,west
C0765,2025-12-03,west
C0766,2025-07-18,central
C0767,2025-05-22,east
C0768,2025-08-30,north
C0769,2025-10-10,east
C0770,2025-06-07,north
C0771,2025-06-28,south
C0772,2025-03-21,south
C0773,2025-11-12,west
C0774,2025-11-13,north
C0775,2025-03-05,north
C0776,2025-05-07,north
C0777,2025-04-10,west
C0778,2025-12-03,west
C0779,2025-01-24,north
C0780,2025-03-17,north
C0781,2025-04-25,east
C0782,2025-07-24,south
C0783,2025-04-01,east
C0784,2025-07-15,south
C0785,2025-09-30,central
C0786,2025-10-30,south
C0787,2025-02-06,west
C0788,2025-02-20,north
C0789,2025-02-04,central
C0790,2025-11-29,central
C0791,2025-08-27,west
C0792,2025-07-13,south
C0793,2025-10-16,north
C0794,2025-08-02,west
C0795,2025-03-27,west
C0796,2025-07-06,north
C0797,2025-09-14,south
C0798,2025-01-14,south
C0799,2025-08-10,west
C0800,2025-07-01,west
C0801,2025-01-26,east
C0802,2025-04-07,east
C0803,2025-06-13,south
C0804,2025-05-06,south
C0805,2025-04-16,north
C0806,2025-08-25,west
C0807,2025-05-28,south
C0808,2025-07-01,south
C0809,2025-10-19,south
C0810,2025-02-04,north
C0811,2025-05-12,east
C0812,2025-01-27,north
C0813,2025-12-05,north
C0814,2025-03-09,west
C0815,2025-10-27,south
C0816,2025-03-11,south
C0817,2025-04-29,south
C0818,2025-08-11,west
C0819,2025-10-31,south
C0820,2025-03-06,west
C0821,2025-03-19,central
C0822,2025-11-18,west
C0823,2025-04-28,south
C0824,2025-03-18,west
C0825,2025-09-29,south
C0826,2025-02-03,south
C0827,2025-11-13,east
C0828,2025-11-16,south
C0829,2025-11-09,north
C0830,2025-04-18,south
C0831,2025-02-11,north
C0832,2025-06-05,south
C0833,2025-05-03,east
C0834,2025-12-17,central
C0835,2025-08-19,north
C0836,2025-12-11,east
C0837,2025-10-02,south
C0838,2025-09-18,north
C0839,2025-02-10,south
C0840,2025-01-26,north
C0841,2025-01-17,north
C0842,2025-08-05,south
C0843,2025-03-15,south
C0844,2025-12-28,east
C0845,2025-02-18,north
C0846,2025-12-12,north
C0847,2025-09-01,north
C0848,2025-02-08,east
C0849,2025-01-22,south
C0850,2025-05-25,east
C0851,2025-05-04,north
C0852,2025-04-26,north
C0853,2025-07-12,central
C0854,2025-02-17,north
C0855,2025-02-17,north
C0856,2025-09-11,north
C0857,2025-12-28,central
C0858,2025-04-10,east
C0859,2025-12-07,east
C0860,2025-05-06,central
C0861,2025-05-03,north
C0862,2025-02-02,central
C0863,2025-06-04,north
C0864,2025-07-01,east
C0865,2025-08-31,south
C0866,2025-02-27,south
C0867,2025-03-10,central
C0868,2025-06-07,north
C0869,2025-01-26,central
C0870,2025-02-22,south
C0871,2025-08-18,east
C0872,2025-12-15,central
C0873,2025-07-29,north
C0874,2025-02-22,central
C0875,2025-12-28,east
C0876,2025-07-10,west
C0877,2025-09-19,north
C0878,2025-03-13,east
C0879,2025-07-31,west
C0880,2025-01-28,south
C0881,2025-08-17,north
C0882,2025-03-15,south
C0883,2025-11-28,west
C0884,2025-01-20,north
C0885,2025-08-27,west
C0886,2025-02-20,central
C0887,2025-09-08,north
C0888,2025-06-30,north
C0889,2025-12-20,west
C0890,2025-08-26,north
C0891,2025-05-16,east
C0892,2025-02-01,west
C0893,2025-08-06,east
C0894,2025-06-10,south
C0895,2025-01-20,west
C0896,2025-08-01,east
C0897,2025-03-18,north
C0898,2025-03-27,east
C0899,2025-01-04,central
C0900,2025-05-16,west
C0901,2025-03-21,south
C0902,2025-01-27,south
C0903,2025-06-08,north
C0904,2025-03-22,south
C0905,2025-02-18,north
C0906,2025-06-20,central
C0907,2025-01-24,north
C0908,2025-12-28,west
C0909,2025-06-21,north
C0910,2025-12-30,south
C0911,2025-11-18,south
C0912,2025-12-24,south
C0913,2025-07-18,west
C0914,2025-06-04,central
C0915,2025-09-20,west
C0916,2025-01-30,north
C0917,2025-11-03,west
C0918,2025-04-29,north
C0919,2025-01-03,central
C0920,2025-03-28,east
C0921,2025-03-30,south
C0922,2025-01-06,north
C0923,2025-09-02,north
C0924,2025-02-04,south
C0925,2025-11-06,central
C0926,2025-06-15,west
C0927,2025-09-20,central
C0928,2025-05-04,north
C0929,2025-02-18,east
C0930,2025-03-07,south
C0931,2025-08-24,east
C0932,2025-09-19,south
C0933,2025-04-08,south
C0934,2025-05-11,east
C0935,2025-12-11,north
C0936,2025-11-07,south
C0937,2025-05-31,east
C0938,2025-03-29,north
C0939,2025-04-20,central
C0940,2025-07-16,east
C0941,2025-07-26,west
C0942,2025-03-09,east
C0943,2025-01-25,west
C0944,2025-06-30,west
C0945,2025-10-19,west
C0946,2025-02-25,east
C0947,2025-05-30,south
C0948,2025-02-28,north
C0949,2025-03-30,east
C0950,2025-08-12,north
C0951,2025-04-15,south
C0952,2025-04-07,north
C0953,2025-12-30,east
C0954,2025-03-04,north
C0955,2025-03-11,east
C0956,2025-12-06,west
C0957,2025-07-20,west
C0958,2025-01-16,south
C0959,2025-06-05,east
C0960,2025-07-26,east
C0961,2025-04-03,south
C0962,2025-07-20,east
C0963,2025-08-25,north
C0964,2025-04-02,central
C0965,2025-10-24,north
C0966,2025-06-15,west
C0967,2025-12-18,east
C0968,2025-02-02,south
C0969,2025-04-29,west
C0970,2025-09-21,north
C0971,2025-11-23,west
C0972,2025-03-22,east
C0973,2025-12-24,north
C0974,2025-03-12,north
C0975,2025-06-01,west
C0976,2025-04-25,south
C0977,2025-06-04,central
C0978,2025-11-26,west
C0979,2025-09-25,west
C0980,2025-10-18,south
C0981,2025-04-03,west
C0982,2025-12-12,central
C0983,2025-06-08,north
C0984,2025-08-26,south
C0985,2025-09-12,north
C0986,2025-08-30,south
C0987,2025-08-08,west
C0988,2025-06-25,south
C0989,2025-08-25,east
C0990,2025-11-27,south
C0991,2025-05-23,north
C0992,2025-07-06,south
C0993,2025-03-07,west
C0994,2025-05-10,east
C0995,2025-10-09,south
C0996,2025-08-22,west
C0997,2025-03-19,north
C0998,2025-07-19,south
C0999,2025-10-24,north
C1000,2025-02-15,central
C1001,2025-01-23,west
C1002,2025-05-24,east
C1003,2025-08-28,north
C1004,2025-04-25,north
C1005,2025-10-27,east
C1006,2025-11-06,south
C1007,2025-07-14,central
C1008,2025-05-19,west
C1009,2025-01-16,south
C1010,2025-10-27,west
C1011,2025-11-23,central
C1012,2025-06-11,south
C1013,2025-07-08,east
C1014,2025-10-03,central
C1015,2025-09-11,south
C1016,2025-02-19,central
C1017,2025-09-03,north
C1018,2025-12-04,east
C1019,2025-10-02,west
C1020,2025-06-25,east
C1021,2025-07-10,east
C1022,2025-04-05,east
C1023,2025-08-30,north
C1024,2025-03-30,north
C1025,2025-05-05,south
C1026,2025-04-07,east
C1027,2025-05-03,south
C1028,2025-05-14,south
C1029,2025-01-31,central
C1030,2025-09-19,south
C1031,2025-06-10,south
C1032,2025-12-13,south
C1033,2025-03-08,north
C1034,2025-09-02,west
C1035,2025-03-07,south
C1036,2025-07-19,north
C1037,2025-06-29,central
C1038,2025-06-13,west
C1039,2025-08-27,west
C1040,2025-10-30,west
C1041,2025-04-26,central
C1042,2025-11-07,south
C1043,2025-03-09,east
C1044,2025-04-17,east
C1045,2025-04-24,south
C1046,2025-12-14,north
C1047,2025-02-13,north
C1048,2025-05-25,east
C1049,2025-06-04,west
C1050,2025-10-20,west
C1051,2025-06-27,south
C1052,2025-12-19,north
C1053,2025-09-28,south
C1054,2025-09-14,east
C1055,2025-10-02,central
C1056,2025-02-28,west
C1057,2025-06-13,central
C1058,2025-08-02,west
C1059,2025-03-18,central
C1060,2025-02-13,south
C1061,2025-02-19,north
C1062,2025-10-16,north
C1063,2025-08-28,south
C1064,2025-04-13,south
C1065,2025-09-27,north
C1066,2025-09-11,central
C1067,2025-10-26,north
C1068,2025-11-29,central
C1069,2025-11-19,west
C1070,2025-03-08,east
C1071,2025-10-08,west
C1072,2025-05-24,south
C1073,2025-05-28,east
C1074,2025-08-25,north
C1075,2025-08-08,central
C1076,2025-06-03,south
C1077,2025-12-31,south
C1078,2025-03-05,west
C1079,2025-02-05,east
C1080,2025-01-11,south
C1081,2025-10-25,east
C1082,2025-05-29,north
C1083,2025-06-09,west
C1084,2025-08-25,south
C1085,2025-06-08,south
C1086,2025-07-29,north
C1087,2025-01-22,south
C1088,2025-02-27,south
C1089,2025-12-07,south
C1090,2025-06-14,north
C1091,2025-03-03,north
C1092,2025-05-15,east
C1093,2025-05-03,north
C1094,2025-04-11,west
C1095,2025-04-18,central
C1096,2025-09-24,south
C1097,2025-02-08,central
C1098,2025-04-24,north
C1099,2025-06-20,north
C1100,2025-07-17,west
C1101,2025-11-18,west
C1102,2025-12-03,west
C1103,2025-04-19,north
C1104,2025-07-16,west
C1105,2025-01-09,south
C1106,2025-08-14,south
C1107,2025-02-25,north
C1108,2025-01-27,central
C1109,2025-09-03,north
C1110,2025-03-07,west
C1111,2025-06-24,east
C1112,2025-02-06,west
C1113,2025-09-30,west
C1114,2025-10-07,west
C1115,2025-07-29,north
C1116,2025-11-02,north
C1117,2025-06-09,east
C1118,2025-03-10,south
C1119,2025-02-25,north
C1120,2025-03-22,north
C1121,2025-03-15,south
C1122,2025-04-28,north
C1123,2025-03-20,north
C1124,2025-08-04,central
C1125,2025-02-24,south
C1126,2025-08-15,central
C1127,2025-05-02,central
C1128,2025-09-08,north
C1129,2025-07-07,west
C1130,2025-11-27,east
C1131,2025-06-10,west
C1132,2025-04-18,north
C1133,2025-08-04,north
C1134,2025-08-29,north
C1135,2025-06-10,east
C1136,2025-07-24,central
C1137,2025-06-21,west
C1138,2025-04-22,west
C1139,2025-04-25,central
C1140,2025-11-28,west
C1141,2025-09-04,north
C1142,2025-02-04,west
C1143,2025-12-18,south
C1144,2025-09-17,north
C1145,2025-01-19,east
C1146,2025-09-23,central
C1147,2025-08-04,south
C1148,2025-12-01,east
C1149,2025-06-28,north
C1150,2025-07-09,north
C1151,2025-04-25,north
C1152,2025-04-28,west
C1153,2025-08-14,west
C1154,2025-10-30,north
C1155,2025-11-22,south
C1156,2025-10-09,north
C1157,2025-08-11,north
C1158,2025-07-02,east
C1159,2025-05-04,west
C1160,2025-10-08,east
C1161,2025-04-27,south
C1162,2025-04-08,east
C1163,2025-11-13,north
C1164,2025-08-04,north
C1165,2025-05-10,central
C1166,2025-11-12,west
C1167,2025-12-18,central
C1168,2025-04-27,central
C1169,2025-07-10,east
C1170,2025-06-26,central
C1171,2025-09-14,south
C1172,2025-12-14,north
C1173,2025-07-20,north
C1174,2025-10-19,north
C1175,2025-08-06,north
C1176,2025-11-20,south
C1177,2025-05-28,west
C1178,2025-05-21,west
C1179,2025-06-04,east
C1180,2025-12-30,north
C1181,2025-08-12,west
C1182,2025-02-25,south
C1183,2025-01-15,north
C1184,2025-07-09,south
C1185,2025-10-22,south
C1186,2025-06-24,south
C1187,2025-07-24,west
C1188,2025-10-19,west
C1189,2025-07-08,west
C1190,2025-11-28,north
C1191,2025-08-21,west
C1192,2025-09-24,west
C1193,2025-10-13,north
C1194,2025-08-17,east
C1195,2025-01-19,east
C1196,2025-06-06,south
C1197,2025-02-21,north
C1198,2025-07-06,east
C1199,2025-02-22,north
C1200,2025-07-05,north
C1201,2025-05-06,north
C1202,2025-01-08,central
C1203,2025-02-15,south
C1204,2025-07-03,south
C1205,2025-01-29,south
C1206,2025-11-09,central
C1207,2025-10-04,east
C1208,2025-09-16,central
C1209,2025-03-04,south
C1210,2025-10-18,north
C1211,2025-08-20,east
C1212,2025-05-23,south
C1213,2025-01-01,west
C1214,2025-07-13,west
C1215,2025-10-18,south
C1216,2025-01-13,central
C1217,2025-01-20,east
C1218,2025-05-20,south
C1219,2025-07-06,east
C1220,2025-06-23,north
C1221,2025-06-05,west
C1222,2025-04-04,north
C1223,2025-01-22,south
C1224,2025-01-12,east
C1225,2025-02-06,north
C1226,2025-09-09,north
C1227,2025-10-14,west
C1228,2025-06-08,north
C1229,2025-01-29,south
C1230,2025-06-01,south
C1231,2025-12-26,north
C1232,2025-04-02,north
C1233,2025-06-29,west
C1234,2025-07-16,central
C1235,2025-05-01,north
C1236,2025-06-09,central
C1237,2025-06-22,east
C1238,2025-06-23,east
C1239,2025-09-19,west
C1240,2025-08-01,west
C1241,2025-01-20,west
C1242,2025-01-03,east
C1243,2025-05-30,east
C1244,2025-11-28,south
C1245,2025-01-14,north
C1246,2025-01-26,west
C1247,2025-09-05,north
C1248,2025-06-14,south
C1249,2025-03-26,north
C1250,2025-03-17,north
C1251,2025-08-31,east
C1252,2025-07-11,east
C1253,2025-08-21,south
C1254,2025-04-13,north
C1255,2025-07-12,south
C1256,2025-11-10,south
C1257,2025-04-26,west
C1258,2025-05-25,east
C1259,2025-03-01,east
C1260,2025-08-22,east
C1261,2025-01-12,central
C1262,2025-04-01,west
C1263,2025-09-18,east
C1264,2025-01-08,south
C1265,2025-12-28,north
C1266,2025-05-28,central
C1267,2025-05-26,south
C1268,2025-07-15,south
C1269,2025-08-22,central
C1270,2025-06-17,west
C1271,2025-11-19,north
C1272,2025-12-18,north
C1273,2025-03-15,north
C1274,2025-09-15,east
C1275,2025-04-20,north
C1276,2025-12-30,central
C1277,2025-04-03,central
C1278,2025-04-18,east
C1279,2025-09-18,east
C1280,2025-10-16,south
C1281,2025-02-16,north
C1282,2025-07-22,west
C1283,2025-05-07,north
C1284,2025-08-12,north
C1285,2025-07-23,south
C1286,2025-12-26,north
C1287,2025-12-07,south
C1288,2025-08-27,west
C1289,2025-09-05,west
C1290,2025-11-25,east
C1291,2025-03-08,west
C1292,2025-09-22,south
C1293,2025-10-09,west
C1294,2025-02-16,east
C1295,2025-11-18,north
C1296,2025-09-13,central
C1297,2025-05-07,south
C1298,2025-06-26,north
C1299,2025-06-28,south
C1300,2025-12-02,south
C1301,2025-12-20,south
C1302,2025-10-22,east
C1303,2025-08-27,central
C1304,2025-02-08,south
C1305,2025-11-30,east
C1306,2025-02-18,south
C1307,2025-03-02,west
C1308,2025-01-26,north
C1309,2025-12-12,north
C1310,2025-06-30,east
C1311,2025-03-28,west
C1312,2025-01-30,west
C1313,2025-05-31,east
C1314,2025-09-22,west
C1315,2025-12-30,south
C1316,2025-07-21,north
C1317,2025-08-10,north
C1318,2025-11-02,north
C1319,2025-11-26,south
C1320,2025-04-13,east
C1321,2025-12-29,south
C1322,2025-07-09,east
C1323,2025-12-06,east
C1324,2025-02-12,west
C1325,2025-02-05,west
C1326,2025-11-19,south
C1327,2025-09-03,south
C1328,2025-03-05,east
C1329,2025-11-23,east
C1330,2025-02-07,south
C1331,2025-09-07,south
C1332,2025-03-16,west
C1333,2025-01-26,east
C1334,2025-10-22,north
C1335,2025-11-06,south
C1336,2025-02-08,central
C1337,2025-02-03,north
C1338,2025-08-13,west
C1339,2025-01-11,north
C1340,2025-09-30,east
C1341,2025-12-01,south
C1342,2025-10-02,north
C1343,2025-03-26,central
C1344,2025-03-11,south
C1345,2025-09-06,central
C1346,2025-01-23,south
C1347,2025-07-16,west
C1348,2025-06-13,central
C1349,2025-09-29,east
C1350,2025-03-15,north
C1351,2025-10-06,west
C1352,2025-09-13,east
C1353,2025-03-29,central
C1354,2025-05-11,south
C1355,2025-01-25,south
C1356,2025-06-14,north
C1357,2025-04-06,west
C1358,2025-02-11,central
C1359,2025-07-24,north
C1360,2025-07-27,west
C1361,2025-02-01,central
C1362,2025-03-09,north
C1363,2025-01-31,north
C1364,2025-09-05,west
C1365,2025-05-04,east
C1366,2025-01-26,north
C1367,2025-03-11,west
C1368,2025-12-23,east
C1369,2025-04-04,central
C1370,2025-09-07,west
C1371,2025-06-20,west
C1372,2025-03-08,east
C1373,2025-04-23,south
C1374,2025-01-06,east
C1375,2025-09-30,north
C1376,2025-05-03,east
C1377,2025-07-02,north
C1378,2025-02-25,east
C1379,2025-10-28,north
C1380,2025-03-21,south
C1381,2025-07-26,north
C1382,2025-11-15,east
C1383,2025-09-18,west
C1384,2025-08-09,north
C1385,2025-11-21,west
C1386,2025-03-06,west
C1387,2025-12-18,south
C1388,2025-07-23,east
C1389,2025-05-30,south
C1390,2025-04-04,north
C1391,2025-09-29,east
C1392,2025-12-23,north
C1393,2025-09-09,west
C1394,2025-01-12,central
C1395,2025-06-21,west
C1396,2025-09-25,east
C1397,2025-05-26,east
C1398,2025-10-10,central
C1399,2025-09-16,south
C1400,2025-01-25,north
C1401,2025-07-23,east
C1402,2025-03-04,south
C1403,2025-06-27,south
C1404,2025-05-21,north
C1405,2025-10-22,east
C1406,2025-11-13,south
C1407,2025-06-18,north
C1408,2025-07-16,north
C1409,2025-08-17,south
C1410,2025-08-28,west
C1411,2025-08-20,south
C1412,2025-10-13,west
C1413,2025-12-25,west
C1414,2025-10-30,south
C1415,2025-02-19,west
C1416,2025-06-23,west
C1417,2025-06-18,east
C1418,2025-07-05,north
C1419,2025-07-12,north
C1420,2025-09-20,central
C1421,2025-06-03,west
C1422,2025-04-07,central
C1423,2025-06-17,central
C1424,2025-11-08,north
C1425,2025-04-24,west
C1426,2025-01-08,south
C1427,2025-12-23,west
C1428,2025-03-13,north
C1429,2025-08-09,south
C1430,2025-10-20,west
C1431,2025-04-11,west
C1432,2025-05-05,east
C1433,2025-04-13,south
C1434,2025-02-24,south
C1435,2025-02-25,central
C1436,2025-03-10,south
C1437,2025-06-17,south
C1438,2025-07-13,east
C1439,2025-01-06,south
C1440,2025-11-05,east
C1441,2025-09-04,south
C1442,2025-01-26,west
C1443,2025-11-04,central
C1444,2025-01-12,central
C1445,2025-07-24,east
C1446,2025-06-19,south
C1447,2025-07-03,west
C1448,2025-12-16,west
C1449,2025-12-05,east
C1450,2025-04-12,west
C1451,2025-07-31,west
C1452,2025-12-17,west
C1453,2025-09-24,west
C1454,2025-11-21,north
C1455,2025-06-08,east
C1456,2025-04-14,east
C1457,2025-07-06,north
C1458,2025-10-26,west
C1459,2025-12-06,east
C1460,2025-09-08,north
C1461,2025-09-15,west
C1462,2025-07-06,west
C1463,2025-04-27,west
C1464,2025-06-04,south
C1465,2025-07-01,west
C1466,2025-10-25,south
C1467,2025-07-22,east
C1468,2025-10-17,north
C1469,2025-01-10,east
C1470,2025-10-04,west
C1471,2025-07-05,east
C1472,2025-12-31,east
C1473,2025-06-22,west
C1474,2025-06-24,west
C1475,2025-02-16,south
C1476,2025-10-22,central
C1477,2025-09-14,west
C1478,2025-11-11,central
C1479,2025-02-03,central
C1480,2025-03-19,central
C1481,2025-11-17,west
C1482,2025-01-16,east
C1483,2025-07-05,north
C1484,2025-05-28,east
C1485,2025-12-09,west
C1486,2025-11-09,east
C1487,2025-11-24,west
C1488,2025-04-16,north
C1489,2025-08-03,south
C1490,2025-09-13,east
C1491,2025-12-20,south
C1492,2025-01-03,north
C1493,2025-12-23,north
C1494,2025-05-10,west
C1495,2025-02-16,east
C1496,2025-08-13,north
C1497,2025-10-13,north
C1498,2025-02-17,south
C1499,2025-01-15,north
C1500,2025-11-24,west
