merchant_id,network_id,is_mule,mule_type
M00001,,0,
M00002,,0,
M00003,,0,
M00004,,0,
M00005,,0,
M00006,,0,
M00007,,0,
M00008,,0,
M00009,,0,
M00010,,0,
M00011,,0,
M00012,,0,
M00013,,0,
M00014,,0,
M00015,,0,
M00016,,0,
M00017,,0,
M00018,,0,
M00019,,0,
M00020,,0,
M00021,,0,
M00022,,0,
M00023,,0,
M00024,,0,
M00025,,0,
M00026,,0,
M00027,,0,
M00028,,0,
M00029,,0,
M00030,,0,
M00031,,0,
M00032,,0,
M00033,,0,
M00034,,0,
M00035,,0,
M00036,N027,1,TYPE_C_INFRASTRUCTURE_CONVERGENCE
M00037,,0,
M00038,,0,
M00039,,0,
M00040,,0,
M00041,,0,
M00042,,0,
M00043,,0,
M00044,,0,
M00045,,0,
M00046,,0,
M00047,,0,
M00048,,0,
M00049,,0,
M00050,,0,
M00051,,0,
M00052,,0,
M00053,,0,
M00054,,0,
M00055,,0,
M00056,,0,
M00057,,0,
M00058,,0,
M00059,,0,
M00060,,0,
M00061,,0,
M00062,,0,
M00063,,0,
M00064,,0,
M00065,,0,
M00066,,0,
M00067,,0,
M00068,,0,
M00069,,0,
M00070,,0,
M00071,,0,
M00072,,0,
M00073,,0,
M00074,,0,
M00075,,0,
M00076,,0,
M00077,,0,
M00078,,0,
M00079,,0,
M00080,,0,
M00081,,0,
M00082,,0,
M00083,,0,
M00084,,0,
M00085,,0,
M00086,,0,
M00087,,0,
M00088,,0,
M00089,,0,
M00090,,0,
M00091,,0,
M00092,,0,
M00093,,0,
M00094,,0,
M00095,,0,
M00096,,0,
M00097,N035,1,TYPE_C_INFRASTRUCTURE_CONVERGENCE
M00098,,0,
M00099,,0,
M00100,,0,
M00101,,0,
M00102,,0,
M00103,,0,
M00104,,0,
M00105,,0,
M00106,,0,
M00107,,0,
M00108,,0,
M00109,N047,1,TYPE_C_INFRASTRUCTURE_CONVERGENCE
M00110,,0,
M00111,N028,1,TYPE_D_BEHAVIORAL_TRANSITION
M00112,,0,
M00113,,0,
M00114,N023,1,TYPE_C_INFRASTRUCTURE_CONVERGENCE
M00115,,0,
M00116,,0,
M00117,,0,
M00118,,0,
M00119,,0,
M00120,,0,
M00121,,0,
M00122,,0,
M00123,,0,
M00124,,0,
M00125,,0,
M00126,,0,
M00127,,0,
M00128,,0,
M00129,,0,
M00130,,0,
M00131,,0,
M00132,,0,
M00133,,0,
M00134,,0,
M00135,,0,
M00136,,0,
M00137,,0,
M00138,,0,
M00139,,0,
M00140,,0,
M00141,,0,
M00142,,0,
M00143,,0,
M00144,,0,
M00145,,0,
M00146,,0,
M00147,,0,
M00148,,0,
M00149,,0,
M00150,N029,1,TYPE_A_RAPID_FORMATION
M00151,,0,
M00152,,0,
M00153,,0,
M00154,,0,
M00155,,0,
M00156,,0,
M00157,,0,
M00158,,0,
M00159,,0,
M00160,,0,
M00161,,0,
M00162,,0,
M00163,,0,
M00164,,0,
M00165,,0,
M00166,,0,
M00167,,0,
M00168,,0,
M00169,N030,1,TYPE_B_GRADUAL_EXPANSION
M00170,,0,
M00171,,0,
M00172,,0,
M00173,,0,
M00174,,0,
M00175,,0,
M00176,,0,
M00177,,0,
M00178,,0,
M00179,,0,
M00180,N008,1,TYPE_D_BEHAVIORAL_TRANSITION
M00181,,0,
M00182,,0,
M00183,,0,
M00184,,0,
M00185,,0,
M00186,,0,
M00187,,0,
M00188,,0,
M00189,,0,
M00190,,0,
M00191,,0,
M00192,,0,
M00193,,0,
M00194,,0,
M00195,,0,
M00196,,0,
M00197,,0,
M00198,,0,
M00199,,0,
M00200,,0,
M00201,,0,
M00202,,0,
M00203,,0,
M00204,,0,
M00205,,0,
M00206,N010,1,TYPE_B_GRADUAL_EXPANSION
M00207,,0,
M00208,,0,
M00209,N025,1,TYPE_A_RAPID_FORMATION
M00210,,0,
M00211,,0,
M00212,,0,
M00213,,0,
M00214,,0,
M00215,,0,
M00216,,0,
M00217,,0,
M00218,,0,
M00219,,0,
M00220,,0,
M00221,,0,
M00222,,0,
M00223,,0,
M00224,,0,
M00225,,0,
M00226,,0,
M00227,,0,
M00228,,0,
M00229,,0,
M00230,,0,
M00231,,0,
M00232,,0,
M00233,,0,
M00234,,0,
M00235,,0,
M00236,,0,
M00237,,0,
M00238,,0,
M00239,,0,
M00240,,0,
M00241,,0,
M00242,,0,
M00243,,0,
M00244,,0,
M00245,,0,
M00246,,0,
M00247,,0,
M00248,,0,
M00249,,0,
M00250,,0,
M00251,,0,
M00252,,0,
M00253,,0,
M00254,,0,
M00255,,0,
M00256,,0,
M00257,,0,
M00258,,0,
M00259,,0,
M00260,,0,
M00261,,0,
M00262,,0,
M00263,,0,
M00264,,0,
M00265,,0,
M00266,,0,
M00267,,0,
M00268,,0,
M00269,,0,
M00270,,0,
M00271,,0,
M00272,,0,
M00273,,0,
M00274,,0,
M00275,,0,
M00276,,0,
M00277,,0,
M00278,,0,
M00279,,0,
M00280,,0,
M00281,,0,
M00282,,0,
M00283,N025,1,TYPE_A_RAPID_FORMATION
M00284,,0,
M00285,,0,
M00286,,0,
M00287,,0,
M00288,,0,
M00289,,0,
M00290,,0,
M00291,,0,
M00292,,0,
M00293,,0,
M00294,,0,
M00295,,0,
M00296,,0,
M00297,,0,
M00298,,0,
M00299,,0,
M00300,,0,
M00301,,0,
M00302,,0,
M00303,N002,1,TYPE_B_GRADUAL_EXPANSION
M00304,,0,
M00305,,0,
M00306,,0,
M00307,,0,
M00308,,0,
M00309,,0,
M00310,,0,
M00311,,0,
M00312,,0,
M00313,,0,
M00314,,0,
M00315,,0,
M00316,,0,
M00317,,0,
M00318,,0,
M00319,,0,
M00320,,0,
M00321,,0,
M00322,,0,
M00323,N006,1,TYPE_B_GRADUAL_EXPANSION
M00324,N022,1,TYPE_B_GRADUAL_EXPANSION
M00325,,0,
M00326,,0,
M00327,,0,
M00328,,0,
M00329,,0,
M00330,,0,
M00331,,0,
M00332,,0,
M00333,,0,
M00334,,0,
M00335,,0,
M00336,,0,
M00337,,0,
M00338,,0,
M00339,,0,
M00340,,0,
M00341,,0,
M00342,,0,
M00343,,0,
M00344,,0,
M00345,,0,
M00346,,0,
M00347,,0,
M00348,,0,
M00349,,0,
M00350,,0,
M00351,,0,
M00352,,0,
M00353,,0,
M00354,,0,
M00355,,0,
M00356,,0,
M00357,,0,
M00358,,0,
M00359,,0,
M00360,,0,
M00361,,0,
M00362,,0,
M00363,,0,
M00364,,0,
M00365,N015,1,TYPE_C_INFRASTRUCTURE_CONVERGENCE
M00366,,0,
M00367,,0,
M00368,,0,
M00369,,0,
M00370,,0,
M00371,,0,
M00372,,0,
M00373,,0,
M00374,,0,
M00375,,0,
M00376,,0,
M00377,,0,
M00378,,0,
M00379,,0,
M00380,,0,
M00381,,0,
M00382,,0,
M00383,N023,1,TYPE_C_INFRASTRUCTURE_CONVERGENCE
M00384,,0,
M00385,,0,
M00386,,0,
M00387,,0,
M00388,,0,
M00389,,0,
M00390,N048,1,TYPE_D_BEHAVIORAL_TRANSITION
M00391,,0,
M00392,,0,
M00393,,0,
M00394,,0,
M00395,,0,
M00396,,0,
M00397,,0,
M00398,,0,
M00399,,0,
M00400,,0,
M00401,,0,
M00402,,0,
M00403,,0,
M00404,,0,
M00405,N043,1,TYPE_C_INFRASTRUCTURE_CONVERGENCE
M00406,,0,
M00407,,0,
M00408,,0,
M00409,,0,
M00410,,0,
M00411,,0,
M00412,N019,1,TYPE_C_INFRASTRUCTURE_CONVERGENCE
M00413,,0,
M00414,,0,
M00415,,0,
M00416,,0,
M00417,,0,
M00418,N002,1,TYPE_B_GRADUAL_EXPANSION
M00419,,0,
M00420,N027,1,TYPE_C_INFRASTRUCTURE_CONVERGENCE
M00421,,0,
M00422,,0,
M00423,,0,
M00424,,0,
M00425,,0,
M00426,,0,
M00427,,0,
M00428,,0,
M00429,,0,
M00430,N039,1,TYPE_C_INFRASTRUCTURE_CONVERGENCE
M00431,,0,
M00432,,0,
M00433,,0,
M00434,,0,
M00435,,0,
M00436,,0,
M00437,N043,1,TYPE_C_INFRASTRUCTURE_CONVERGENCE
M00438,N050,1,TYPE_B_GRADUAL_EXPANSION
M00439,N001,1,TYPE_A_RAPID_FORMATION
M00440,,0,
M00441,,0,
M00442,,0,
M00443,,0,
M00444,N041,1,TYPE_A_RAPID_FORMATION
M00445,,0,
M00446,,0,
M00447,,0,
M00448,,0,
M00449,,0,
M00450,,0,
M00451,,0,
M00452,,0,
M00453,,0,
M00454,,0,
M00455,,0,
M00456,,0,
M00457,,0,
M00458,,0,
M00459,,0,
M00460,,0,
M00461,,0,
M00462,,0,
M00463,,0,
M00464,,0,
M00465,,0,
M00466,N015,1,TYPE_C_INFRASTRUCTURE_CONVERGENCE
M00467,,0,
M00468,,0,
M00469,N037,1,TYPE_A_RAPID_FORMATION
M00470,,0,
M00471,,0,
M00472,,0,
M00473,,0,
M00474,,0,
M00475,N035,1,TYPE_C_INFRASTRUCTURE_CONVERGENCE
M00476,,0,
M00477,,0,
M00478,,0,
M00479,,0,
M00480,,0,
M00481,,0,
M00482,,0,
M00483,,0,
M00484,,0,
M00485,,0,
M00486,,0,
M00487,,0,
M00488,,0,
M00489,,0,
M00490,,0,
M00491,,0,
M00492,,0,
M00493,,0,
M00494,,0,
M00495,,0,
M00496,,0,
M00497,,0,
M00498,,0,
M00499,,0,
M00500,,0,
M00501,,0,
M00502,,0,
M00503,,0,
M00504,,0,
M00505,,0,
M00506,,0,
M00507,,0,
M00508,,0,
M00509,,0,
M00510,,0,
M00511,,0,
M00512,,0,
M00513,N022,1,TYPE_B_GRADUAL_EXPANSION
M00514,,0,
M00515,,0,
M00516,,0,
M00517,,0,
M00518,N054,1,TYPE_B_GRADUAL_EXPANSION
M00519,,0,
M00520,,0,
M00521,,0,
M00522,,0,
M00523,,0,
M00524,,0,
M00525,,0,
M00526,,0,
M00527,,0,
M00528,,0,
M00529,,0,
M00530,,0,
M00531,,0,
M00532,,0,
M00533,,0,
M00534,,0,
M00535,,0,
M00536,,0,
M00537,,0,
M00538,,0,
M00539,,0,
M00540,,0,
M00541,,0,
M00542,,0,
M00543,,0,
M00544,,0,
M00545,,0,
M00546,,0,
M00547,,0,
M00548,,0,
M00549,,0,
M00550,,0,
M00551,,0,
M00552,,0,
M00553,N028,1,TYPE_D_BEHAVIORAL_TRANSITION
M00554,,0,
M00555,,0,
M00556,,0,
M00557,,0,
M00558,,0,
M00559,,0,
M00560,,0,
M00561,,0,
M00562,,0,
M00563,,0,
M00564,,0,
M00565,,0,
M00566,,0,
M00567,,0,
M00568,,0,
M00569,,0,
M00570,,0,
M00571,,0,
M00572,,0,
M00573,,0,
M00574,,0,
M00575,,0,
M00576,,0,
M00577,,0,
M00578,N016,1,TYPE_D_BEHAVIORAL_TRANSITION
M00579,,0,
M00580,,0,
M00581,,0,
M00582,,0,
M00583,,0,
M00584,,0,
M00585,,0,
M00586,,0,
M00587,,0,
M00588,,0,
M00589,,0,
M00590,,0,
M00591,,0,
M00592,,0,
M00593,,0,
M00594,,0,
M00595,,0,
M00596,,0,
M00597,,0,
M00598,,0,
M00599,,0,
M00600,,0,
M00601,,0,
M00602,,0,
M00603,,0,
M00604,,0,
M00605,N007,1,TYPE_C_INFRASTRUCTURE_CONVERGENCE
M00606,,0,
M00607,,0,
M00608,,0,
M00609,,0,
M00610,,0,
M00611,,0,
M00612,,0,
M00613,,0,
M00614,N042,1,TYPE_B_GRADUAL_EXPANSION
M00615,,0,
M00616,,0,
M00617,,0,
M00618,,0,
M00619,,0,
M00620,,0,
M00621,N047,1,TYPE_C_INFRASTRUCTURE_CONVERGENCE
M00622,,0,
M00623,,0,
M00624,,0,
M00625,,0,
M00626,,0,
M00627,,0,
M00628,N001,1,TYPE_A_RAPID_FORMATION
M00629,,0,
M00630,,0,
M00631,,0,
M00632,,0,
M00633,,0,
M00634,,0,
M00635,,0,
M00636,,0,
M00637,,0,
M00638,,0,
M00639,,0,
M00640,,0,
M00641,,0,
M00642,,0,
M00643,,0,
M00644,,0,
M00645,,0,
M00646,,0,
M00647,,0,
M00648,,0,
M00649,,0,
M00650,,0,
M00651,,0,
M00652,,0,
M00653,,0,
M00654,,0,
M00655,,0,
M00656,,0,
M00657,,0,
M00658,,0,
M00659,,0,
M00660,,0,
M00661,,0,
M00662,,0,
M00663,,0,
M00664,,0,
M00665,,0,
M00666,,0,
M00667,,0,
M00668,,0,
M00669,,0,
M00670,,0,
M00671,N052,1,TYPE_D_BEHAVIORAL_TRANSITION
M00672,,0,
M00673,,0,
M00674,N014,1,TYPE_B_GRADUAL_EXPANSION
M00675,,0,
M00676,,0,
M00677,,0,
M00678,,0,
M00679,,0,
M00680,,0,
M00681,,0,
M00682,,0,
M00683,,0,
M00684,,0,
M00685,,0,
M00686,,0,
M00687,,0,
M00688,,0,
M00689,,0,
M00690,,0,
M00691,,0,
M00692,,0,
M00693,N016,1,TYPE_D_BEHAVIORAL_TRANSITION
M00694,,0,
M00695,,0,
M00696,,0,
M00697,,0,
M00698,,0,
M00699,,0,
M00700,,0,
M00701,,0,
M00702,,0,
M00703,,0,
M00704,,0,
M00705,,0,
M00706,,0,
M00707,,0,
M00708,,0,
M00709,,0,
M00710,,0,
M00711,,0,
M00712,,0,
M00713,,0,
M00714,,0,
M00715,,0,
M00716,,0,
M00717,N017,1,TYPE_A_RAPID_FORMATION
M00718,,0,
M00719,,0,
M00720,,0,
M00721,,0,
M00722,,0,
M00723,,0,
M00724,,0,
M00725,,0,
M00726,,0,
M00727,,0,
M00728,,0,
M00729,,0,
M00730,,0,
M00731,,0,
M00732,,0,
M00733,,0,
M00734,,0,
M00735,N027,1,TYPE_C_INFRASTRUCTURE_CONVERGENCE
M00736,,0,
M00737,,0,
M00738,,0,
M00739,,0,
M00740,,0,
M00741,,0,
M00742,,0,
M00743,,0,
M00744,N024,1,TYPE_D_BEHAVIORAL_TRANSITION
M00745,,0,
M00746,,0,
M00747,,0,
M00748,,0,
M00749,,0,
M00750,,0,
M00751,,0,
M00752,,0,
M00753,,0,
M00754,N015,1,TYPE_C_INFRASTRUCTURE_CONVERGENCE
M00755,,0,
M00756,,0,
M00757,,0,
M00758,,0,
M00759,,0,
M00760,,0,
M00761,,0,
M00762,,0,
M00763,,0,
M00764,,0,
M00765,,0,
M00766,,0,
M00767,,0,
M00768,,0,
M00769,N018,1,TYPE_B_GRADUAL_EXPANSION
M00770,,0,
M00771,,0,
M00772,,0,
M00773,,0,
M00774,,0,
M00775,,0,
M00776,,0,
M00777,,0,
M00778,,0,
M00779,,0,
M00780,,0,
M00781,,0,
M00782,,0,
M00783,,0,
M00784,N011,1,TYPE_C_INFRASTRUCTURE_CONVERGENCE
M00785,,0,
M00786,,0,
M00787,N043,1,TYPE_C_INFRASTRUCTURE_CONVERGENCE
M00788,,0,
M00789,,0,
M00790,,0,
M00791,,0,
M00792,,0,
M00793,,0,
M00794,,0,
M00795,,0,
M00796,,0,
M00797,,0,
M00798,,0,
M00799,,0,
M00800,,0,
M00801,,0,
M00802,,0,
M00803,,0,
M00804,N028,1,TYPE_D_BEHAVIORAL_TRANSITION
M00805,,0,
M00806,,0,
M00807,,0,
M00808,,0,
M00809,,0,
M00810,,0,
M00811,,0,
M00812,,0,
M00813,N014,1,TYPE_B_GRADUAL_EXPANSION
M00814,,0,
M00815,,0,
M00816,,0,
M00817,,0,
M00818,,0,
M00819,,0,
M00820,,0,
M00821,,0,
M00822,,0,
M00823,,0,
M00824,,0,
M00825,,0,
M00826,,0,
M00827,,0,
M00828,,0,
M00829,,0,
M00830,,0,
M00831,,0,
M00832,,0,
M00833,,0,
M00834,,0,
M00835,,0,
M00836,,0,
M00837,,0,
M00838,,0,
M00839,,0,
M00840,,0,
M00841,,0,
M00842,,0,
M00843,,0,
M00844,,0,
M00845,,0,
M00846,,0,
M00847,N048,1,TYPE_D_BEHAVIORAL_TRANSITION
M00848,,0,
M00849,,0,
M00850,,0,
M00851,,0,
M00852,,0,
M00853,,0,
M00854,,0,
M00855,,0,
M00856,,0,
M00857,,0,
M00858,,0,
M00859,,0,
M00860,,0,
M00861,,0,
M00862,,0,
M00863,N048,1,TYPE_D_BEHAVIORAL_TRANSITION
M00864,,0,
M00865,,0,
M00866,,0,
M00867,,0,
M00868,,0,
M00869,N003,1,TYPE_C_INFRASTRUCTURE_CONVERGENCE
M00870,,0,
M00871,,0,
M00872,N010,1,TYPE_B_GRADUAL_EXPANSION
M00873,,0,
M00874,,0,
M00875,,0,
M00876,,0,
M00877,,0,
M00878,,0,
M00879,,0,
M00880,,0,
M00881,,0,
M00882,,0,
M00883,,0,
M00884,,0,
M00885,,0,
M00886,,0,
M00887,,0,
M00888,,0,
M00889,N015,1,TYPE_C_INFRASTRUCTURE_CONVERGENCE
M00890,,0,
M00891,,0,
M00892,,0,
M00893,,0,
M00894,,0,
M00895,,0,
M00896,,0,
M00897,,0,
M00898,,0,
M00899,,0,
M00900,,0,
M00901,,0,
M00902,,0,
M00903,,0,
M00904,,0,
M00905,N018,1,TYPE_B_GRADUAL_EXPANSION
M00906,,0,
M00907,,0,
M00908,,0,
M00909,,0,
M00910,,0,
M00911,,0,
M00912,,0,
M00913,,0,
M00914,,0,
M00915,,0,
M00916,,0,
M00917,,0,
M00918,,0,
M00919,,0,
M00920,,0,
M00921,,0,
M00922,,0,
M00923,,0,
M00924,,0,
M00925,N005,1,TYPE_A_RAPID_FORMATION
M00926,,0,
M00927,,0,
M00928,,0,
M00929,,0,
M00930,,0,
M00931,,0,
M00932,,0,
M00933,N013,1,TYPE_A_RAPID_FORMATION
M00934,,0,
M00935,,0,
M00936,,0,
M00937,,0,
M00938,,0,
M00939,,0,
M00940,,0,
M00941,,0,
M00942,,0,
M00943,,0,
M00944,,0,
M00945,,0,
M00946,,0,
M00947,,0,
M00948,,0,
M00949,N017,1,TYPE_A_RAPID_FORMATION
M00950,,0,
M00951,,0,
M00952,,0,
M00953,,0,
M00954,,0,
M00955,,0,
M00956,,0,
M00957,,0,
M00958,,0,
M00959,,0,
M00960,N027,1,TYPE_C_INFRASTRUCTURE_CONVERGENCE
M00961,,0,
M00962,,0,
M00963,,0,
M00964,,0,
M00965,,0,
M00966,,0,
M00967,,0,
M00968,,0,
M00969,,0,
M00970,,0,
M00971,,0,
M00972,,0,
M00973,,0,
M00974,,0,
M00975,,0,
M00976,,0,
M00977,,0,
M00978,,0,
M00979,,0,
M00980,,0,
M00981,,0,
M00982,,0,
M00983,,0,
M00984,,0,
M00985,,0,
M00986,,0,
M00987,,0,
M00988,,0,
M00989,,0,
M00990,,0,
M00991,,0,
M00992,,0,
M00993,,0,
M00994,,0,
M00995,,0,
M00996,,0,
M00997,N014,1,TYPE_B_GRADUAL_EXPANSION
M00998,,0,
M00999,,0,
M01000,,0,
M01001,,0,
M01002,,0,
M01003,,0,
M01004,,0,
M01005,,0,
M01006,,0,
M01007,,0,
M01008,,0,
M01009,,0,
M01010,,0,
M01011,,0,
M01012,,0,
M01013,,0,
M01014,,0,
M01015,,0,
M01016,,0,
M01017,,0,
M01018,,0,
M01019,,0,
M01020,,0,
M01021,,0,
M01022,,0,
M01023,,0,
M01024,,0,
M01025,,0,
M01026,,0,
M01027,,0,
M01028,,0,
M01029,,0,
M01030,,0,
M01031,,0,
M01032,,0,
M01033,,0,
M01034,,0,
M01035,,0,
M01036,,0,
M01037,,0,
M01038,,0,
M01039,,0,
M01040,N011,1,TYPE_C_INFRASTRUCTURE_CONVERGENCE
M01041,,0,
M01042,,0,
M01043,,0,
M01044,,0,
M01045,,0,
M01046,,0,
M01047,,0,
M01048,,0,
M01049,,0,
M01050,,0,
M01051,,0,
M01052,,0,
M01053,,0,
M01054,,0,
M01055,,0,
M01056,,0,
M01057,,0,
M01058,,0,
M01059,,0,
M01060,,0,
M01061,,0,
M01062,,0,
M01063,,0,
M01064,,0,
M01065,,0,
M01066,,0,
M01067,,0,
M01068,,0,
M01069,,0,
M01070,,0,
M01071,,0,
M01072,,0,
M01073,,0,
M01074,,0,
M01075,,0,
M01076,N058,1,TYPE_B_GRADUAL_EXPANSION
M01077,,0,
M01078,,0,
M01079,,0,
M01080,,0,
M01081,,0,
M01082,,0,
M01083,,0,
M01084,,0,
M01085,N046,1,TYPE_B_GRADUAL_EXPANSION
M01086,,0,
M01087,,0,
M01088,,0,
M01089,,0,
M01090,,0,
M01091,,0,
M01092,,0,
M01093,,0,
M01094,,0,
M01095,,0,
M01096,,0,
M01097,,0,
M01098,,0,
M01099,,0,
M01100,,0,
M01101,,0,
M01102,,0,
M01103,,0,
M01104,,0,
M01105,,0,
M01106,,0,
M01107,,0,
M01108,,0,
M01109,,0,
M01110,,0,
M01111,,0,
M01112,,0,
M01113,,0,
M01114,,0,
M01115,,0,
M01116,,0,
M01117,,0,
M01118,,0,
M01119,,0,
M01120,,0,
M01121,,0,
M01122,,0,
M01123,,0,
M01124,,0,
M01125,,0,
M01126,,0,
M01127,,0,
M01128,,0,
M01129,,0,
M01130,,0,
M01131,,0,
M01132,,0,
M01133,,0,
M01134,,0,
M01135,N052,1,TYPE_D_BEHAVIORAL_TRANSITION
M01136,,0,
M01137,,0,
M01138,,0,
M01139,,0,
M01140,,0,
M01141,,0,
M01142,,0,
M01143,,0,
M01144,,0,
M01145,,0,
M01146,,0,
M01147,,0,
M01148,,0,
M01149,,0,
M01150,N008,1,TYPE_D_BEHAVIORAL_TRANSITION
M01151,,0,
M01152,,0,
M01153,,0,
M01154,,0,
M01155,,0,
M01156,,0,
M01157,,0,
M01158,,0,
M01159,,0,
M01160,,0,
M01161,,0,
M01162,,0,
M01163,,0,
M01164,,0,
M01165,,0,
M01166,,0,
M01167,,0,
M01168,N030,1,TYPE_B_GRADUAL_EXPANSION
M01169,,0,
M01170,,0,
M01171,,0,
M01172,,0,
M01173,,0,
M01174,,0,
M01175,,0,
M01176,,0,
M01177,,0,
M01178,,0,
M01179,,0,
M01180,,0,
M01181,,0,
M01182,,0,
M01183,N012,1,TYPE_D_BEHAVIORAL_TRANSITION
M01184,,0,
M01185,,0,
M01186,,0,
M01187,,0,
M01188,,0,
M01189,,0,
M01190,,0,
M01191,,0,
M01192,,0,
M01193,,0,
M01194,,0,
M01195,,0,
M01196,,0,
M01197,,0,
M01198,,0,
M01199,,0,
M01200,,0,
M01201,,0,
M01202,,0,
M01203,,0,
M01204,,0,
M01205,,0,
M01206,,0,
M01207,,0,
M01208,,0,
M01209,,0,
M01210,,0,
M01211,,0,
M01212,,0,
M01213,,0,
M01214,,0,
M01215,,0,
M01216,,0,
M01217,,0,
M01218,,0,
M01219,,0,
M01220,,0,
M01221,,0,
M01222,,0,
M01223,,0,
M01224,,0,
M01225,,0,
M01226,,0,
M01227,,0,
M01228,,0,
M01229,,0,
M01230,,0,
M01231,,0,
M01232,,0,
M01233,,0,
M01234,,0,
M01235,,0,
M01236,,0,
M01237,,0,
M01238,,0,
M01239,,0,
M01240,,0,
M01241,,0,
M01242,,0,
M01243,,0,
M01244,,0,
M01245,,0,
M01246,,0,
M01247,,0,
M01248,,0,
M01249,,0,
M01250,,0,
M01251,,0,
M01252,,0,
M01253,,0,
M01254,,0,
M01255,,0,
M01256,,0,
M01257,,0,
M01258,,0,
M01259,,0,
M01260,,0,
M01261,,0,
M01262,,0,
M01263,,0,
M01264,,0,
M01265,,0,
M01266,,0,
M01267,,0,
M01268,,0,
M01269,,0,
M01270,,0,
M01271,,0,
M01272,,0,
M01273,,0,
M01274,,0,
M01275,,0,
M01276,,0,
M01277,,0,
M01278,,0,
M01279,,0,
M01280,,0,
M01281,,0,
M01282,,0,
M01283,N009,1,TYPE_A_RAPID_FORMATION
M01284,,0,
M01285,,0,
M01286,,0,
M01287,,0,
M01288,,0,
M01289,,0,
M01290,,0,
M01291,,0,
M01292,,0,
M01293,,0,
M01294,N009,1,TYPE_A_RAPID_FORMATION
M01295,,0,
M01296,,0,
M01297,,0,
M01298,,0,
M01299,,0,
M01300,,0,
M01301,,0,
M01302,,0,
M01303,,0,
M01304,,0,
M01305,N055,1,TYPE_C_INFRASTRUCTURE_CONVERGENCE
M01306,,0,
M01307,,0,
M01308,,0,
M01309,,0,
M01310,,0,
M01311,,0,
M01312,N053,1,TYPE_A_RAPID_FORMATION
M01313,,0,
M01314,,0,
M01315,,0,
M01316,,0,
M01317,,0,
M01318,,0,
M01319,,0,
M01320,,0,
M01321,,0,
M01322,,0,
M01323,,0,
M01324,,0,
M01325,,0,
M01326,,0,
M01327,,0,
M01328,,0,
M01329,,0,
M01330,,0,
M01331,,0,
M01332,,0,
M01333,N015,1,TYPE_C_INFRASTRUCTURE_CONVERGENCE
M01334,N003,1,TYPE_C_INFRASTRUCTURE_CONVERGENCE
M01335,,0,
M01336,,0,
M01337,,0,
M01338,,0,
M01339,N055,1,TYPE_C_INFRASTRUCTURE_CONVERGENCE
M01340,N009,1,TYPE_A_RAPID_FORMATION
M01341,,0,
M01342,,0,
M01343,,0,
M01344,,0,
M01345,,0,
M01346,,0,
M01347,,0,
M01348,,0,
M01349,,0,
M01350,,0,
M01351,,0,
M01352,,0,
M01353,,0,
M01354,,0,
M01355,,0,
M01356,,0,
M01357,,0,
M01358,,0,
M01359,,0,
M01360,,0,
M01361,,0,
M01362,,0,
M01363,,0,
M01364,,0,
M01365,,0,
M01366,N046,1,TYPE_B_GRADUAL_EXPANSION
M01367,,0,
M01368,,0,
M01369,,0,
M01370,,0,
M01371,,0,
M01372,,0,
M01373,,0,
M01374,N008,1,TYPE_D_BEHAVIORAL_TRANSITION
M01375,,0,
M01376,,0,
M01377,,0,
M01378,,0,
M01379,,0,
M01380,,0,
M01381,,0,
M01382,,0,
M01383,N026,1,TYPE_B_GRADUAL_EXPANSION
M01384,,0,
M01385,,0,
M01386,,0,
M01387,,0,
M01388,,0,
M01389,,0,
M01390,,0,
M01391,,0,
M01392,,0,
M01393,,0,
M01394,,0,
M01395,,0,
M01396,,0,
M01397,,0,
M01398,,0,
M01399,,0,
M01400,,0,
M01401,,0,
M01402,,0,
M01403,,0,
M01404,,0,
M01405,,0,
M01406,,0,
M01407,,0,
M01408,,0,
M01409,,0,
M01410,,0,
M01411,,0,
M01412,,0,
M01413,,0,
M01414,,0,
M01415,,0,
M01416,,0,
M01417,,0,
M01418,,0,
M01419,,0,
M01420,,0,
M01421,,0,
M01422,,0,
M01423,N017,1,TYPE_A_RAPID_FORMATION
M01424,,0,
M01425,,0,
M01426,N017,1,TYPE_A_RAPID_FORMATION
M01427,,0,
M01428,,0,
M01429,,0,
M01430,,0,
M01431,,0,
M01432,,0,
M01433,,0,
M01434,,0,
M01435,,0,
M01436,,0,
M01437,,0,
M01438,,0,
M01439,,0,
M01440,,0,
M01441,,0,
M01442,,0,
M01443,,0,
M01444,,0,
M01445,,0,
M01446,,0,
M01447,,0,
M01448,,0,
M01449,,0,
M01450,,0,
M01451,,0,
M01452,,0,
M01453,,0,
M01454,,0,
M01455,,0,
M01456,,0,
M01457,,0,
M01458,,0,
M01459,,0,
M01460,,0,
M01461,,0,
M01462,,0,
M01463,,0,
M01464,,0,
M01465,,0,
M01466,N034,1,TYPE_B_GRADUAL_EXPANSION
M01467,,0,
M01468,,0,
M01469,,0,
M01470,N007,1,TYPE_C_INFRASTRUCTURE_CONVERGENCE
M01471,,0,
M01472,,0,
M01473,,0,
M01474,,0,
M01475,N043,1,TYPE_C_INFRASTRUCTURE_CONVERGENCE
M01476,,0,
M01477,,0,
M01478,,0,
M01479,,0,
M01480,,0,
M01481,,0,
M01482,,0,
M01483,,0,
M01484,,0,
M01485,,0,
M01486,,0,
M01487,,0,
M01488,,0,
M01489,N012,1,TYPE_D_BEHAVIORAL_TRANSITION
M01490,,0,
M01491,,0,
M01492,,0,
M01493,,0,
M01494,,0,
M01495,,0,
M01496,N029,1,TYPE_A_RAPID_FORMATION
M01497,,0,
M01498,,0,
M01499,,0,
M01500,,0,
M01501,,0,
M01502,,0,
M01503,,0,
M01504,,0,
M01505,,0,
M01506,,0,
M01507,,0,
M01508,N008,1,TYPE_D_BEHAVIORAL_TRANSITION
M01509,,0,
M01510,,0,
M01511,,0,
M01512,,0,
M01513,,0,
M01514,,0,
M01515,,0,
M01516,,0,
M01517,,0,
M01518,,0,
M01519,,0,
M01520,,0,
M01521,,0,
M01522,,0,
M01523,,0,
M01524,,0,
M01525,N049,1,TYPE_A_RAPID_FORMATION
M01526,,0,
M01527,,0,
M01528,,0,
M01529,,0,
M01530,,0,
M01531,,0,
M01532,,0,
M01533,,0,
M01534,,0,
M01535,,0,
M01536,,0,
M01537,,0,
M01538,,0,
M01539,,0,
M01540,,0,
M01541,,0,
M01542,,0,
M01543,,0,
M01544,,0,
M01545,,0,
M01546,,0,
M01547,,0,
M01548,,0,
M01549,,0,
M01550,,0,
M01551,,0,
M01552,,0,
M01553,N050,1,TYPE_B_GRADUAL_EXPANSION
M01554,,0,
M01555,,0,
M01556,,0,
M01557,,0,
M01558,,0,
M01559,,0,
M01560,,0,
M01561,,0,
M01562,,0,
M01563,,0,
M01564,N044,1,TYPE_D_BEHAVIORAL_TRANSITION
M01565,,0,
M01566,,0,
M01567,,0,
M01568,,0,
M01569,,0,
M01570,,0,
M01571,,0,
M01572,,0,
M01573,,0,
M01574,,0,
M01575,,0,
M01576,,0,
M01577,,0,
M01578,N042,1,TYPE_B_GRADUAL_EXPANSION
M01579,,0,
M01580,,0,
M01581,,0,
M01582,,0,
M01583,,0,
M01584,,0,
M01585,,0,
M01586,,0,
M01587,,0,
M01588,,0,
M01589,,0,
M01590,,0,
M01591,,0,
M01592,,0,
M01593,,0,
M01594,,0,
M01595,,0,
M01596,,0,
M01597,,0,
M01598,,0,
M01599,,0,
M01600,,0,
M01601,,0,
M01602,,0,
M01603,,0,
M01604,,0,
M01605,,0,
M01606,,0,
M01607,,0,
M01608,,0,
M01609,,0,
M01610,,0,
M01611,,0,
M01612,,0,
M01613,,0,
M01614,,0,
M01615,,0,
M01616,,0,
M01617,,0,
M01618,,0,
M01619,,0,
M01620,,0,
M01621,,0,
M01622,,0,
M01623,,0,
M01624,,0,
M01625,,0,
M01626,,0,
M01627,,0,
M01628,N024,1,TYPE_D_BEHAVIORAL_TRANSITION
M01629,,0,
M01630,,0,
M01631,,0,
M01632,,0,
M01633,,0,
M01634,,0,
M01635,N054,1,TYPE_B_GRADUAL_EXPANSION
M01636,,0,
M01637,,0,
M01638,,0,
M01639,,0,
M01640,,0,
M01641,,0,
M01642,,0,
M01643,,0,
M01644,,0,
M01645,,0,
M01646,,0,
M01647,,0,
M01648,,0,
M01649,,0,
M01650,,0,
M01651,,0,
M01652,,0,
M01653,,0,
M01654,,0,
M01655,,0,
M01656,N011,1,TYPE_C_INFRASTRUCTURE_CONVERGENCE
M01657,,0,
M01658,,0,
M01659,,0,
M01660,,0,
M01661,N023,1,TYPE_C_INFRASTRUCTURE_CONVERGENCE
M01662,,0,
M01663,,0,
M01664,,0,
M01665,,0,
M01666,,0,
M01667,,0,
M01668,,0,
M01669,,0,
M01670,,0,
M01671,,0,
M01672,,0,
M01673,,0,
M01674,,0,
M01675,,0,
M01676,,0,
M01677,,0,
M01678,N028,1,TYPE_D_BEHAVIORAL_TRANSITION
M01679,,0,
M01680,,0,
M01681,,0,
M01682,N037,1,TYPE_A_RAPID_FORMATION
M01683,,0,
M01684,,0,
M01685,,0,
M01686,,0,
M01687,,0,
M01688,,0,
M01689,,0,
M01690,,0,
M01691,,0,
M01692,,0,
M01693,,0,
M01694,,0,
M01695,,0,
M01696,,0,
M01697,,0,
M01698,,0,
M01699,,0,
M01700,,0,
M01701,,0,
M01702,,0,
M01703,,0,
M01704,,0,
M01705,,0,
M01706,,0,
M01707,,0,
M01708,,0,
M01709,,0,
M01710,,0,
M01711,,0,
M01712,,0,
M01713,,0,
M01714,,0,
M01715,,0,
M01716,,0,
M01717,,0,
M01718,,0,
M01719,,0,
M01720,,0,
M01721,,0,
M01722,,0,
M01723,,0,
M01724,N051,1,TYPE_C_INFRASTRUCTURE_CONVERGENCE
M01725,,0,
M01726,,0,
M01727,,0,
M01728,,0,
M01729,,0,
M01730,N043,1,TYPE_C_INFRASTRUCTURE_CONVERGENCE
M01731,,0,
M01732,,0,
M01733,,0,
M01734,,0,
M01735,,0,
M01736,,0,
M01737,,0,
M01738,,0,
M01739,,0,
M01740,,0,
M01741,,0,
M01742,,0,
M01743,,0,
M01744,,0,
M01745,,0,
M01746,,0,
M01747,N040,1,TYPE_D_BEHAVIORAL_TRANSITION
M01748,,0,
M01749,,0,
M01750,,0,
M01751,N045,1,TYPE_A_RAPID_FORMATION
M01752,,0,
M01753,,0,
M01754,,0,
M01755,,0,
M01756,,0,
M01757,,0,
M01758,,0,
M01759,,0,
M01760,,0,
M01761,,0,
M01762,,0,
M01763,,0,
M01764,,0,
M01765,,0,
M01766,,0,
M01767,N023,1,TYPE_C_INFRASTRUCTURE_CONVERGENCE
M01768,,0,
M01769,,0,
M01770,,0,
M01771,N057,1,TYPE_A_RAPID_FORMATION
M01772,,0,
M01773,,0,
M01774,,0,
M01775,,0,
M01776,,0,
M01777,,0,
M01778,,0,
M01779,,0,
M01780,,0,
M01781,,0,
M01782,,0,
M01783,,0,
M01784,,0,
M01785,,0,
M01786,,0,
M01787,,0,
M01788,,0,
M01789,,0,
M01790,,0,
M01791,,0,
M01792,,0,
M01793,,0,
M01794,,0,
M01795,,0,
M01796,N045,1,TYPE_A_RAPID_FORMATION
M01797,,0,
M01798,,0,
M01799,,0,
M01800,,0,
M01801,,0,
M01802,,0,
M01803,,0,
M01804,,0,
M01805,,0,
M01806,,0,
M01807,,0,
M01808,,0,
M01809,,0,
M01810,,0,
M01811,,0,
M01812,,0,
M01813,,0,
M01814,,0,
M01815,,0,
M01816,,0,
M01817,,0,
M01818,,0,
M01819,,0,
M01820,,0,
M01821,,0,
M01822,,0,
M01823,,0,
M01824,,0,
M01825,,0,
M01826,,0,
M01827,,0,
M01828,,0,
M01829,,0,
M01830,,0,
M01831,,0,
M01832,,0,
M01833,,0,
M01834,,0,
M01835,,0,
M01836,,0,
M01837,,0,
M01838,,0,
M01839,,0,
M01840,,0,
M01841,,0,
M01842,,0,
M01843,,0,
M01844,,0,
M01845,,0,
M01846,,0,
M01847,,0,
M01848,,0,
M01849,,0,
M01850,,0,
M01851,,0,
M01852,,0,
M01853,,0,
M01854,,0,
M01855,,0,
M01856,,0,
M01857,,0,
M01858,N046,1,TYPE_B_GRADUAL_EXPANSION
M01859,,0,
M01860,,0,
M01861,,0,
M01862,,0,
M01863,N056,1,TYPE_D_BEHAVIORAL_TRANSITION
M01864,,0,
M01865,,0,
M01866,,0,
M01867,,0,
M01868,,0,
M01869,,0,
M01870,,0,
M01871,,0,
M01872,,0,
M01873,,0,
M01874,,0,
M01875,,0,
M01876,,0,
M01877,,0,
M01878,,0,
M01879,,0,
M01880,,0,
M01881,,0,
M01882,,0,
M01883,,0,
M01884,,0,
M01885,,0,
M01886,,0,
M01887,,0,
M01888,,0,
M01889,,0,
M01890,,0,
M01891,,0,
M01892,,0,
M01893,,0,
M01894,,0,
M01895,,0,
M01896,,0,
M01897,,0,
M01898,,0,
M01899,,0,
M01900,,0,
M01901,,0,
M01902,,0,
M01903,N043,1,TYPE_C_INFRASTRUCTURE_CONVERGENCE
M01904,,0,
M01905,,0,
M01906,,0,
M01907,,0,
M01908,,0,
M01909,,0,
M01910,,0,
M01911,,0,
M01912,,0,
M01913,,0,
M01914,,0,
M01915,,0,
M01916,,0,
M01917,,0,
M01918,,0,
M01919,,0,
M01920,,0,
M01921,,0,
M01922,,0,
M01923,,0,
M01924,,0,
M01925,,0,
M01926,,0,
M01927,,0,
M01928,,0,
M01929,,0,
M01930,,0,
M01931,,0,
M01932,,0,
M01933,,0,
M01934,,0,
M01935,,0,
M01936,,0,
M01937,,0,
M01938,,0,
M01939,,0,
M01940,,0,
M01941,,0,
M01942,,0,
M01943,,0,
M01944,,0,
M01945,,0,
M01946,,0,
M01947,,0,
M01948,,0,
M01949,,0,
M01950,,0,
M01951,,0,
M01952,,0,
M01953,,0,
M01954,,0,
M01955,,0,
M01956,,0,
M01957,,0,
M01958,N053,1,TYPE_A_RAPID_FORMATION
M01959,,0,
M01960,,0,
M01961,,0,
M01962,,0,
M01963,,0,
M01964,,0,
M01965,,0,
M01966,,0,
M01967,,0,
M01968,,0,
M01969,,0,
M01970,,0,
M01971,,0,
M01972,,0,
M01973,,0,
M01974,,0,
M01975,,0,
M01976,,0,
M01977,N024,1,TYPE_D_BEHAVIORAL_TRANSITION
M01978,,0,
M01979,N019,1,TYPE_C_INFRASTRUCTURE_CONVERGENCE
M01980,,0,
M01981,,0,
M01982,,0,
M01983,,0,
M01984,,0,
M01985,,0,
M01986,,0,
M01987,,0,
M01988,,0,
M01989,,0,
M01990,N058,1,TYPE_B_GRADUAL_EXPANSION
M01991,,0,
M01992,,0,
M01993,,0,
M01994,,0,
M01995,,0,
M01996,,0,
M01997,,0,
M01998,,0,
M01999,,0,
M02000,,0,
M02001,,0,
M02002,,0,
M02003,,0,
M02004,,0,
M02005,,0,
M02006,,0,
M02007,,0,
M02008,,0,
M02009,,0,
M02010,,0,
M02011,,0,
M02012,,0,
M02013,,0,
M02014,,0,
M02015,,0,
M02016,,0,
M02017,,0,
M02018,,0,
M02019,,0,
M02020,,0,
M02021,,0,
M02022,,0,
M02023,,0,
M02024,,0,
M02025,,0,
M02026,,0,
M02027,,0,
M02028,,0,
M02029,,0,
M02030,,0,
M02031,,0,
M02032,,0,
M02033,,0,
M02034,N031,1,TYPE_C_INFRASTRUCTURE_CONVERGENCE
M02035,,0,
M02036,,0,
M02037,,0,
M02038,N033,1,TYPE_A_RAPID_FORMATION
M02039,,0,
M02040,,0,
M02041,,0,
M02042,,0,
M02043,,0,
M02044,,0,
M02045,,0,
M02046,,0,
M02047,,0,
M02048,,0,
M02049,,0,
M02050,,0,
M02051,,0,
M02052,,0,
M02053,,0,
M02054,,0,
M02055,,0,
M02056,,0,
M02057,,0,
M02058,,0,
M02059,,0,
M02060,,0,
M02061,,0,
M02062,,0,
M02063,,0,
M02064,,0,
M02065,N036,1,TYPE_D_BEHAVIORAL_TRANSITION
M02066,,0,
M02067,,0,
M02068,,0,
M02069,,0,
M02070,,0,
M02071,,0,
M02072,,0,
M02073,,0,
M02074,,0,
M02075,,0,
M02076,,0,
M02077,,0,
M02078,,0,
M02079,,0,
M02080,,0,
M02081,N039,1,TYPE_C_INFRASTRUCTURE_CONVERGENCE
M02082,,0,
M02083,,0,
M02084,,0,
M02085,,0,
M02086,N028,1,TYPE_D_BEHAVIORAL_TRANSITION
M02087,,0,
M02088,,0,
M02089,,0,
M02090,,0,
M02091,N022,1,TYPE_B_GRADUAL_EXPANSION
M02092,,0,
M02093,,0,
M02094,,0,
M02095,,0,
M02096,,0,
M02097,,0,
M02098,N024,1,TYPE_D_BEHAVIORAL_TRANSITION
M02099,,0,
M02100,,0,
M02101,,0,
M02102,,0,
M02103,,0,
M02104,,0,
M02105,,0,
M02106,,0,
M02107,,0,
M02108,,0,
M02109,N039,1,TYPE_C_INFRASTRUCTURE_CONVERGENCE
M02110,,0,
M02111,,0,
M02112,,0,
M02113,,0,
M02114,N034,1,TYPE_B_GRADUAL_EXPANSION
M02115,,0,
M02116,N012,1,TYPE_D_BEHAVIORAL_TRANSITION
M02117,,0,
M02118,,0,
M02119,,0,
M02120,N003,1,TYPE_C_INFRASTRUCTURE_CONVERGENCE
M02121,,0,
M02122,,0,
M02123,,0,
M02124,,0,
M02125,,0,
M02126,N027,1,TYPE_C_INFRASTRUCTURE_CONVERGENCE
M02127,,0,
M02128,,0,
M02129,,0,
M02130,,0,
M02131,,0,
M02132,N055,1,TYPE_C_INFRASTRUCTURE_CONVERGENCE
M02133,,0,
M02134,N035,1,TYPE_C_INFRASTRUCTURE_CONVERGENCE
M02135,,0,
M02136,,0,
M02137,,0,
M02138,,0,
M02139,,0,
M02140,,0,
M02141,,0,
M02142,,0,
M02143,,0,
M02144,,0,
M02145,,0,
M02146,,0,
M02147,,0,
M02148,,0,
M02149,,0,
M02150,,0,
M02151,,0,
M02152,,0,
M02153,,0,
M02154,,0,
M02155,,0,
M02156,,0,
M02157,,0,
M02158,,0,
M02159,,0,
M02160,,0,
M02161,,0,
M02162,,0,
M02163,,0,
M02164,,0,
M02165,,0,
M02166,,0,
M02167,,0,
M02168,,0,
M02169,,0,
M02170,,0,
M02171,,0,
M02172,,0,
M02173,,0,
M02174,,0,
M02175,,0,
M02176,,0,
M02177,,0,
M02178,,0,
M02179,,0,
M02180,N029,1,TYPE_A_RAPID_FORMATION
M02181,,0,
M02182,,0,
M02183,,0,
M02184,,0,
M02185,,0,
M02186,,0,
M02187,,0,
M02188,,0,
M02189,,0,
M02190,,0,
M02191,,0,
M02192,,0,
M02193,,0,
M02194,N037,1,TYPE_A_RAPID_FORMATION
M02195,,0,
M02196,,0,
M02197,,0,
M02198,,0,
M02199,N026,1,TYPE_B_GRADUAL_EXPANSION
M02200,N001,1,TYPE_A_RAPID_FORMATION
M02201,,0,
M02202,,0,
M02203,,0,
M02204,,0,
M02205,,0,
M02206,,0,
M02207,,0,
M02208,,0,
M02209,N033,1,TYPE_A_RAPID_FORMATION
M02210,N033,1,TYPE_A_RAPID_FORMATION
M02211,,0,
M02212,,0,
M02213,,0,
M02214,,0,
M02215,,0,
M02216,,0,
M02217,,0,
M02218,,0,
M02219,N051,1,TYPE_C_INFRASTRUCTURE_CONVERGENCE
M02220,,0,
M02221,N059,1,TYPE_C_INFRASTRUCTURE_CONVERGENCE
M02222,,0,
M02223,,0,
M02224,,0,
M02225,,0,
M02226,,0,
M02227,,0,
M02228,,0,
M02229,,0,
M02230,,0,
M02231,,0,
M02232,,0,
M02233,,0,
M02234,,0,
M02235,,0,
M02236,,0,
M02237,,0,
M02238,,0,
M02239,,0,
M02240,N056,1,TYPE_D_BEHAVIORAL_TRANSITION
M02241,,0,
M02242,,0,
M02243,,0,
M02244,N038,1,TYPE_B_GRADUAL_EXPANSION
M02245,,0,
M02246,,0,
M02247,,0,
M02248,,0,
M02249,,0,
M02250,,0,
M02251,,0,
M02252,,0,
M02253,N029,1,TYPE_A_RAPID_FORMATION
M02254,,0,
M02255,,0,
M02256,,0,
M02257,,0,
M02258,,0,
M02259,,0,
M02260,,0,
M02261,,0,
M02262,,0,
M02263,,0,
M02264,,0,
M02265,,0,
M02266,,0,
M02267,,0,
M02268,N022,1,TYPE_B_GRADUAL_EXPANSION
M02269,,0,
M02270,,0,
M02271,,0,
M02272,N051,1,TYPE_C_INFRASTRUCTURE_CONVERGENCE
M02273,N003,1,TYPE_C_INFRASTRUCTURE_CONVERGENCE
M02274,,0,
M02275,,0,
M02276,,0,
M02277,,0,
M02278,,0,
M02279,,0,
M02280,,0,
M02281,,0,
M02282,,0,
M02283,,0,
M02284,,0,
M02285,N036,1,TYPE_D_BEHAVIORAL_TRANSITION
M02286,,0,
M02287,,0,
M02288,,0,
M02289,,0,
M02290,,0,
M02291,,0,
M02292,,0,
M02293,,0,
M02294,,0,
M02295,,0,
M02296,,0,
M02297,,0,
M02298,,0,
M02299,,0,
M02300,,0,
M02301,,0,
M02302,,0,
M02303,,0,
M02304,,0,
M02305,,0,
M02306,,0,
M02307,,0,
M02308,,0,
M02309,,0,
M02310,,0,
M02311,,0,
M02312,,0,
M02313,,0,
M02314,,0,
M02315,,0,
M02316,,0,
M02317,,0,
M02318,,0,
M02319,,0,
M02320,,0,
M02321,,0,
M02322,,0,
M02323,,0,
M02324,,0,
M02325,N010,1,TYPE_B_GRADUAL_EXPANSION
M02326,,0,
M02327,,0,
M02328,,0,
M02329,,0,
M02330,,0,
M02331,,0,
M02332,,0,
M02333,,0,
M02334,,0,
M02335,,0,
M02336,,0,
M02337,,0,
M02338,,0,
M02339,,0,
M02340,,0,
M02341,,0,
M02342,,0,
M02343,,0,
M02344,,0,
M02345,,0,
M02346,,0,
M02347,,0,
M02348,,0,
M02349,,0,
M02350,,0,
M02351,,0,
M02352,,0,
M02353,,0,
M02354,,0,
M02355,,0,
M02356,,0,
M02357,,0,
M02358,,0,
M02359,,0,
M02360,,0,
M02361,,0,
M02362,,0,
M02363,N032,1,TYPE_D_BEHAVIORAL_TRANSITION
M02364,,0,
M02365,,0,
M02366,,0,
M02367,N005,1,TYPE_A_RAPID_FORMATION
M02368,,0,
M02369,,0,
M02370,,0,
M02371,,0,
M02372,,0,
M02373,,0,
M02374,,0,
M02375,,0,
M02376,,0,
M02377,,0,
M02378,,0,
M02379,,0,
M02380,,0,
M02381,,0,
M02382,,0,
M02383,,0,
M02384,,0,
M02385,,0,
M02386,,0,
M02387,,0,
M02388,,0,
M02389,,0,
M02390,,0,
M02391,,0,
M02392,,0,
M02393,,0,
M02394,,0,
M02395,,0,
M02396,,0,
M02397,,0,
M02398,,0,
M02399,,0,
M02400,N018,1,TYPE_B_GRADUAL_EXPANSION
M02401,,0,
M02402,,0,
M02403,,0,
M02404,,0,
M02405,,0,
M02406,,0,
M02407,,0,
M02408,,0,
M02409,,0,
M02410,,0,
M02411,,0,
M02412,,0,
M02413,,0,
M02414,,0,
M02415,,0,
M02416,,0,
M02417,,0,
M02418,,0,
M02419,,0,
M02420,,0,
M02421,N001,1,TYPE_A_RAPID_FORMATION
M02422,N007,1,TYPE_C_INFRASTRUCTURE_CONVERGENCE
M02423,,0,
M02424,,0,
M02425,N023,1,TYPE_C_INFRASTRUCTURE_CONVERGENCE
M02426,,0,
M02427,,0,
M02428,N048,1,TYPE_D_BEHAVIORAL_TRANSITION
M02429,N026,1,TYPE_B_GRADUAL_EXPANSION
M02430,,0,
M02431,,0,
M02432,N006,1,TYPE_B_GRADUAL_EXPANSION
M02433,,0,
M02434,,0,
M02435,N020,1,TYPE_D_BEHAVIORAL_TRANSITION
M02436,,0,
M02437,,0,
M02438,,0,
M02439,,0,
M02440,,0,
M02441,,0,
M02442,,0,
M02443,,0,
M02444,,0,
M02445,,0,
M02446,N041,1,TYPE_A_RAPID_FORMATION
M02447,N050,1,TYPE_B_GRADUAL_EXPANSION
M02448,,0,
M02449,,0,
M02450,,0,
M02451,,0,
M02452,,0,
M02453,,0,
M02454,N004,1,TYPE_D_BEHAVIORAL_TRANSITION
M02455,,0,
M02456,,0,
M02457,,0,
M02458,,0,
M02459,,0,
M02460,,0,
M02461,,0,
M02462,,0,
M02463,,0,
M02464,,0,
M02465,,0,
M02466,,0,
M02467,,0,
M02468,,0,
M02469,,0,
M02470,,0,
M02471,,0,
M02472,,0,
M02473,,0,
M02474,,0,
M02475,,0,
M02476,,0,
M02477,,0,
M02478,,0,
M02479,,0,
M02480,,0,
M02481,N053,1,TYPE_A_RAPID_FORMATION
M02482,,0,
M02483,,0,
M02484,,0,
M02485,,0,
M02486,,0,
M02487,,0,
M02488,,0,
M02489,,0,
M02490,,0,
M02491,,0,
M02492,,0,
M02493,,0,
M02494,,0,
M02495,,0,
M02496,,0,
M02497,,0,
M02498,,0,
M02499,,0,
M02500,,0,
M02501,,0,
M02502,,0,
M02503,,0,
M02504,,0,
M02505,,0,
M02506,,0,
M02507,,0,
M02508,,0,
M02509,,0,
M02510,,0,
M02511,,0,
M02512,,0,
M02513,,0,
M02514,,0,
M02515,,0,
M02516,,0,
M02517,,0,
M02518,,0,
M02519,,0,
M02520,,0,
M02521,,0,
M02522,,0,
M02523,,0,
M02524,,0,
M02525,,0,
M02526,,0,
M02527,,0,
M02528,,0,
M02529,,0,
M02530,,0,
M02531,,0,
M02532,,0,
M02533,,0,
M02534,,0,
M02535,,0,
M02536,,0,
M02537,,0,
M02538,,0,
M02539,,0,
M02540,,0,
M02541,,0,
M02542,,0,
M02543,,0,
M02544,,0,
M02545,,0,
M02546,,0,
M02547,,0,
M02548,,0,
M02549,,0,
M02550,,0,
M02551,,0,
M02552,,0,
M02553,,0,
M02554,,0,
M02555,,0,
M02556,,0,
M02557,,0,
M02558,,0,
M02559,,0,
M02560,,0,
M02561,,0,
M02562,,0,
M02563,,0,
M02564,,0,
M02565,,0,
M02566,,0,
M02567,,0,
M02568,,0,
M02569,,0,
M02570,,0,
M02571,,0,
M02572,,0,
M02573,,0,
M02574,,0,
M02575,,0,
M02576,,0,
M02577,,0,
M02578,,0,
M02579,,0,
M02580,N016,1,TYPE_D_BEHAVIORAL_TRANSITION
M02581,,0,
M02582,,0,
M02583,,0,
M02584,,0,
M02585,,0,
M02586,,0,
M02587,,0,
M02588,,0,
M02589,,0,
M02590,,0,
M02591,,0,
M02592,,0,
M02593,,0,
M02594,,0,
M02595,,0,
M02596,,0,
M02597,,0,
M02598,,0,
M02599,,0,
M02600,,0,
M02601,N040,1,TYPE_D_BEHAVIORAL_TRANSITION
M02602,N051,1,TYPE_C_INFRASTRUCTURE_CONVERGENCE
M02603,,0,
M02604,,0,
M02605,,0,
M02606,,0,
M02607,,0,
M02608,,0,
M02609,,0,
M02610,,0,
M02611,,0,
M02612,,0,
M02613,,0,
M02614,,0,
M02615,,0,
M02616,,0,
M02617,,0,
M02618,,0,
M02619,,0,
M02620,,0,
M02621,,0,
M02622,,0,
M02623,,0,
M02624,,0,
M02625,,0,
M02626,N037,1,TYPE_A_RAPID_FORMATION
M02627,,0,
M02628,,0,
M02629,,0,
M02630,,0,
M02631,,0,
M02632,,0,
M02633,,0,
M02634,,0,
M02635,,0,
M02636,,0,
M02637,,0,
M02638,,0,
M02639,,0,
M02640,,0,
M02641,,0,
M02642,,0,
M02643,,0,
M02644,,0,
M02645,,0,
M02646,,0,
M02647,,0,
M02648,,0,
M02649,,0,
M02650,,0,
M02651,,0,
M02652,,0,
M02653,,0,
M02654,,0,
M02655,,0,
M02656,,0,
M02657,,0,
M02658,,0,
M02659,,0,
M02660,,0,
M02661,,0,
M02662,,0,
M02663,,0,
M02664,,0,
M02665,,0,
M02666,,0,
M02667,,0,
M02668,,0,
M02669,,0,
M02670,,0,
M02671,,0,
M02672,,0,
M02673,,0,
M02674,,0,
M02675,N002,1,TYPE_B_GRADUAL_EXPANSION
M02676,,0,
M02677,,0,
M02678,,0,
M02679,,0,
M02680,,0,
M02681,,0,
M02682,,0,
M02683,,0,
M02684,,0,
M02685,,0,
M02686,,0,
M02687,,0,
M02688,,0,
M02689,,0,
M02690,,0,
M02691,,0,
M02692,,0,
M02693,,0,
M02694,,0,
M02695,,0,
M02696,N032,1,TYPE_D_BEHAVIORAL_TRANSITION
M02697,,0,
M02698,N014,1,TYPE_B_GRADUAL_EXPANSION
M02699,,0,
M02700,,0,
M02701,,0,
M02702,,0,
M02703,,0,
M02704,N049,1,TYPE_A_RAPID_FORMATION
M02705,,0,
M02706,N008,1,TYPE_D_BEHAVIORAL_TRANSITION
M02707,N008,1,TYPE_D_BEHAVIORAL_TRANSITION
M02708,,0,
M02709,,0,
M02710,,0,
M02711,,0,
M02712,,0,
M02713,,0,
M02714,,0,
M02715,,0,
M02716,,0,
M02717,,0,
M02718,,0,
M02719,,0,
M02720,,0,
M02721,,0,
M02722,,0,
M02723,N050,1,TYPE_B_GRADUAL_EXPANSION
M02724,,0,
M02725,,0,
M02726,,0,
M02727,,0,
M02728,N036,1,TYPE_D_BEHAVIORAL_TRANSITION
M02729,,0,
M02730,,0,
M02731,,0,
M02732,N026,1,TYPE_B_GRADUAL_EXPANSION
M02733,,0,
M02734,,0,
M02735,,0,
M02736,,0,
M02737,,0,
M02738,,0,
M02739,,0,
M02740,N002,1,TYPE_B_GRADUAL_EXPANSION
M02741,,0,
M02742,,0,
M02743,,0,
M02744,,0,
M02745,,0,
M02746,,0,
M02747,,0,
M02748,,0,
M02749,,0,
M02750,,0,
M02751,,0,
M02752,,0,
M02753,,0,
M02754,,0,
M02755,,0,
M02756,,0,
M02757,,0,
M02758,,0,
M02759,,0,
M02760,,0,
M02761,,0,
M02762,,0,
M02763,,0,
M02764,,0,
M02765,,0,
M02766,,0,
M02767,,0,
M02768,,0,
M02769,,0,
M02770,,0,
M02771,,0,
M02772,,0,
M02773,,0,
M02774,,0,
M02775,N007,1,TYPE_C_INFRASTRUCTURE_CONVERGENCE
M02776,,0,
M02777,,0,
M02778,,0,
M02779,,0,
M02780,,0,
M02781,,0,
M02782,,0,
M02783,,0,
M02784,,0,
M02785,,0,
M02786,,0,
M02787,,0,
M02788,,0,
M02789,,0,
M02790,,0,
M02791,,0,
M02792,,0,
M02793,,0,
M02794,,0,
M02795,,0,
M02796,,0,
M02797,,0,
M02798,,0,
M02799,,0,
M02800,,0,
M02801,,0,
M02802,,0,
M02803,,0,
M02804,,0,
M02805,,0,
M02806,,0,
M02807,,0,
M02808,,0,
M02809,,0,
M02810,,0,
M02811,,0,
M02812,,0,
M02813,,0,
M02814,,0,
M02815,,0,
M02816,,0,
M02817,,0,
M02818,,0,
M02819,,0,
M02820,,0,
M02821,,0,
M02822,,0,
M02823,,0,
M02824,,0,
M02825,,0,
M02826,,0,
M02827,,0,
M02828,,0,
M02829,,0,
M02830,,0,
M02831,,0,
M02832,,0,
M02833,,0,
M02834,,0,
M02835,,0,
M02836,,0,
M02837,,0,
M02838,,0,
M02839,,0,
M02840,,0,
M02841,,0,
M02842,,0,
M02843,,0,
M02844,,0,
M02845,,0,
M02846,,0,
M02847,,0,
M02848,,0,
M02849,,0,
M02850,,0,
M02851,,0,
M02852,N034,1,TYPE_B_GRADUAL_EXPANSION
M02853,,0,
M02854,,0,
M02855,N032,1,TYPE_D_BEHAVIORAL_TRANSITION
M02856,,0,
M02857,,0,
M02858,,0,
M02859,,0,
M02860,,0,
M02861,,0,
M02862,,0,
M02863,,0,
M02864,,0,
M02865,,0,
M02866,,0,
M02867,,0,
M02868,,0,
M02869,,0,
M02870,,0,
M02871,,0,
M02872,,0,
M02873,,0,
M02874,,0,
M02875,,0,
M02876,,0,
M02877,,0,
M02878,,0,
M02879,,0,
M02880,,0,
M02881,,0,
M02882,,0,
M02883,,0,
M02884,,0,
M02885,,0,
M02886,N033,1,TYPE_A_RAPID_FORMATION
M02887,N036,1,TYPE_D_BEHAVIORAL_TRANSITION
M02888,,0,
M02889,,0,
M02890,,0,
M02891,,0,
M02892,,0,
M02893,,0,
M02894,,0,
M02895,,0,
M02896,,0,
M02897,,0,
M02898,,0,
M02899,,0,
M02900,,0,
M02901,,0,
M02902,,0,
M02903,,0,
M02904,,0,
M02905,,0,
M02906,,0,
M02907,,0,
M02908,,0,
M02909,,0,
M02910,,0,
M02911,,0,
M02912,,0,
M02913,,0,
M02914,,0,
M02915,N045,1,TYPE_A_RAPID_FORMATION
M02916,N035,1,TYPE_C_INFRASTRUCTURE_CONVERGENCE
M02917,,0,
M02918,,0,
M02919,,0,
M02920,,0,
M02921,,0,
M02922,,0,
M02923,,0,
M02924,,0,
M02925,,0,
M02926,,0,
M02927,,0,
M02928,,0,
M02929,,0,
M02930,,0,
M02931,,0,
M02932,,0,
M02933,,0,
M02934,,0,
M02935,,0,
M02936,,0,
M02937,N054,1,TYPE_B_GRADUAL_EXPANSION
M02938,,0,
M02939,,0,
M02940,,0,
M02941,,0,
M02942,,0,
M02943,,0,
M02944,,0,
M02945,,0,
M02946,,0,
M02947,,0,
M02948,,0,
M02949,,0,
M02950,,0,
M02951,,0,
M02952,,0,
M02953,,0,
M02954,,0,
M02955,,0,
M02956,,0,
M02957,,0,
M02958,,0,
M02959,,0,
M02960,,0,
M02961,,0,
M02962,,0,
M02963,,0,
M02964,,0,
M02965,,0,
M02966,,0,
M02967,,0,
M02968,,0,
M02969,,0,
M02970,,0,
M02971,,0,
M02972,N001,1,TYPE_A_RAPID_FORMATION
M02973,,0,
M02974,,0,
M02975,,0,
M02976,,0,
M02977,,0,
M02978,,0,
M02979,,0,
M02980,,0,
M02981,,0,
M02982,,0,
M02983,,0,
M02984,,0,
M02985,,0,
M02986,,0,
M02987,,0,
M02988,,0,
M02989,,0,
M02990,,0,
M02991,,0,
M02992,,0,
M02993,,0,
M02994,,0,
M02995,N041,1,TYPE_A_RAPID_FORMATION
M02996,,0,
M02997,,0,
M02998,,0,
M02999,,0,
M03000,,0,
M03001,,0,
M03002,,0,
M03003,,0,
M03004,,0,
M03005,,0,
M03006,,0,
M03007,,0,
M03008,,0,
M03009,,0,
M03010,,0,
M03011,,0,
M03012,,0,
M03013,,0,
M03014,N046,1,TYPE_B_GRADUAL_EXPANSION
M03015,,0,
M03016,,0,
M03017,,0,
M03018,,0,
M03019,,0,
M03020,,0,
M03021,,0,
M03022,,0,
M03023,,0,
M03024,,0,
M03025,,0,
M03026,,0,
M03027,,0,
M03028,,0,
M03029,,0,
M03030,,0,
M03031,,0,
M03032,,0,
M03033,,0,
M03034,,0,
M03035,,0,
M03036,,0,
M03037,,0,
M03038,,0,
M03039,,0,
M03040,,0,
M03041,,0,
M03042,,0,
M03043,N004,1,TYPE_D_BEHAVIORAL_TRANSITION
M03044,N016,1,TYPE_D_BEHAVIORAL_TRANSITION
M03045,,0,
M03046,,0,
M03047,,0,
M03048,,0,
M03049,,0,
M03050,,0,
M03051,,0,
M03052,,0,
M03053,,0,
M03054,,0,
M03055,,0,
M03056,N025,1,TYPE_A_RAPID_FORMATION
M03057,,0,
M03058,,0,
M03059,,0,
M03060,,0,
M03061,,0,
M03062,,0,
M03063,,0,
M03064,,0,
M03065,,0,
M03066,N011,1,TYPE_C_INFRASTRUCTURE_CONVERGENCE
M03067,,0,
M03068,,0,
M03069,,0,
M03070,,0,
M03071,,0,
M03072,,0,
M03073,,0,
M03074,,0,
M03075,,0,
M03076,,0,
M03077,,0,
M03078,,0,
M03079,N059,1,TYPE_C_INFRASTRUCTURE_CONVERGENCE
M03080,,0,
M03081,,0,
M03082,,0,
M03083,,0,
M03084,N039,1,TYPE_C_INFRASTRUCTURE_CONVERGENCE
M03085,,0,
M03086,,0,
M03087,,0,
M03088,,0,
M03089,,0,
M03090,,0,
M03091,,0,
M03092,,0,
M03093,,0,
M03094,,0,
M03095,,0,
M03096,,0,
M03097,,0,
M03098,,0,
M03099,N011,1,TYPE_C_INFRASTRUCTURE_CONVERGENCE
M03100,,0,
M03101,,0,
M03102,,0,
M03103,,0,
M03104,,0,
M03105,,0,
M03106,,0,
M03107,,0,
M03108,,0,
M03109,,0,
M03110,N004,1,TYPE_D_BEHAVIORAL_TRANSITION
M03111,,0,
M03112,,0,
M03113,,0,
M03114,,0,
M03115,,0,
M03116,,0,
M03117,,0,
M03118,,0,
M03119,,0,
M03120,,0,
M03121,,0,
M03122,,0,
M03123,,0,
M03124,,0,
M03125,,0,
M03126,,0,
M03127,,0,
M03128,,0,
M03129,,0,
M03130,,0,
M03131,,0,
M03132,,0,
M03133,,0,
M03134,,0,
M03135,,0,
M03136,,0,
M03137,,0,
M03138,,0,
M03139,,0,
M03140,,0,
M03141,,0,
M03142,,0,
M03143,,0,
M03144,,0,
M03145,,0,
M03146,,0,
M03147,,0,
M03148,,0,
M03149,,0,
M03150,,0,
M03151,,0,
M03152,,0,
M03153,,0,
M03154,,0,
M03155,,0,
M03156,,0,
M03157,N052,1,TYPE_D_BEHAVIORAL_TRANSITION
M03158,,0,
M03159,,0,
M03160,,0,
M03161,,0,
M03162,,0,
M03163,,0,
M03164,,0,
M03165,,0,
M03166,,0,
M03167,,0,
M03168,,0,
M03169,,0,
M03170,,0,
M03171,,0,
M03172,,0,
M03173,,0,
M03174,,0,
M03175,,0,
M03176,,0,
M03177,,0,
M03178,,0,
M03179,,0,
M03180,,0,
M03181,,0,
M03182,,0,
M03183,,0,
M03184,,0,
M03185,,0,
M03186,,0,
M03187,,0,
M03188,,0,
M03189,,0,
M03190,,0,
M03191,,0,
M03192,,0,
M03193,,0,
M03194,,0,
M03195,,0,
M03196,,0,
M03197,N049,1,TYPE_A_RAPID_FORMATION
M03198,,0,
M03199,,0,
M03200,,0,
M03201,,0,
M03202,N030,1,TYPE_B_GRADUAL_EXPANSION
M03203,,0,
M03204,,0,
M03205,,0,
M03206,,0,
M03207,,0,
M03208,,0,
M03209,,0,
M03210,,0,
M03211,,0,
M03212,,0,
M03213,N049,1,TYPE_A_RAPID_FORMATION
M03214,,0,
M03215,N032,1,TYPE_D_BEHAVIORAL_TRANSITION
M03216,,0,
M03217,,0,
M03218,,0,
M03219,,0,
M03220,N030,1,TYPE_B_GRADUAL_EXPANSION
M03221,,0,
M03222,,0,
M03223,,0,
M03224,N047,1,TYPE_C_INFRASTRUCTURE_CONVERGENCE
M03225,,0,
M03226,,0,
M03227,,0,
M03228,,0,
M03229,,0,
M03230,N024,1,TYPE_D_BEHAVIORAL_TRANSITION
M03231,,0,
M03232,,0,
M03233,,0,
M03234,,0,
M03235,,0,
M03236,,0,
M03237,,0,
M03238,,0,
M03239,,0,
M03240,,0,
M03241,,0,
M03242,,0,
M03243,,0,
M03244,,0,
M03245,,0,
M03246,,0,
M03247,,0,
M03248,,0,
M03249,,0,
M03250,,0,
M03251,,0,
M03252,N025,1,TYPE_A_RAPID_FORMATION
M03253,,0,
M03254,,0,
M03255,,0,
M03256,,0,
M03257,,0,
M03258,,0,
M03259,,0,
M03260,,0,
M03261,,0,
M03262,,0,
M03263,,0,
M03264,,0,
M03265,,0,
M03266,,0,
M03267,,0,
M03268,,0,
M03269,,0,
M03270,,0,
M03271,,0,
M03272,,0,
M03273,,0,
M03274,N051,1,TYPE_C_INFRASTRUCTURE_CONVERGENCE
M03275,N039,1,TYPE_C_INFRASTRUCTURE_CONVERGENCE
M03276,,0,
M03277,,0,
M03278,N049,1,TYPE_A_RAPID_FORMATION
M03279,,0,
M03280,,0,
M03281,,0,
M03282,,0,
M03283,,0,
M03284,N013,1,TYPE_A_RAPID_FORMATION
M03285,,0,
M03286,,0,
M03287,,0,
M03288,,0,
M03289,,0,
M03290,,0,
M03291,,0,
M03292,,0,
M03293,,0,
M03294,,0,
M03295,,0,
M03296,,0,
M03297,,0,
M03298,,0,
M03299,,0,
M03300,,0,
M03301,,0,
M03302,,0,
M03303,,0,
M03304,,0,
M03305,,0,
M03306,,0,
M03307,,0,
M03308,,0,
M03309,,0,
M03310,,0,
M03311,,0,
M03312,,0,
M03313,,0,
M03314,,0,
M03315,,0,
M03316,,0,
M03317,,0,
M03318,,0,
M03319,,0,
M03320,,0,
M03321,,0,
M03322,,0,
M03323,N013,1,TYPE_A_RAPID_FORMATION
M03324,,0,
M03325,,0,
M03326,,0,
M03327,,0,
M03328,,0,
M03329,,0,
M03330,,0,
M03331,,0,
M03332,,0,
M03333,,0,
M03334,,0,
M03335,,0,
M03336,,0,
M03337,,0,
M03338,,0,
M03339,,0,
M03340,,0,
M03341,,0,
M03342,,0,
M03343,,0,
M03344,N025,1,TYPE_A_RAPID_FORMATION
M03345,N044,1,TYPE_D_BEHAVIORAL_TRANSITION
M03346,,0,
M03347,,0,
M03348,,0,
M03349,,0,
M03350,,0,
M03351,,0,
M03352,N023,1,TYPE_C_INFRASTRUCTURE_CONVERGENCE
M03353,,0,
M03354,,0,
M03355,,0,
M03356,,0,
M03357,,0,
M03358,,0,
M03359,,0,
M03360,N025,1,TYPE_A_RAPID_FORMATION
M03361,,0,
M03362,,0,
M03363,,0,
M03364,,0,
M03365,,0,
M03366,,0,
M03367,,0,
M03368,,0,
M03369,,0,
M03370,,0,
M03371,,0,
M03372,,0,
M03373,,0,
M03374,,0,
M03375,,0,
M03376,,0,
M03377,,0,
M03378,,0,
M03379,,0,
M03380,,0,
M03381,,0,
M03382,,0,
M03383,N043,1,TYPE_C_INFRASTRUCTURE_CONVERGENCE
M03384,,0,
M03385,,0,
M03386,,0,
M03387,,0,
M03388,,0,
M03389,,0,
M03390,,0,
M03391,,0,
M03392,,0,
M03393,,0,
M03394,,0,
M03395,,0,
M03396,,0,
M03397,N024,1,TYPE_D_BEHAVIORAL_TRANSITION
M03398,,0,
M03399,,0,
M03400,,0,
M03401,N033,1,TYPE_A_RAPID_FORMATION
M03402,,0,
M03403,,0,
M03404,,0,
M03405,,0,
M03406,,0,
M03407,,0,
M03408,,0,
M03409,,0,
M03410,,0,
M03411,,0,
M03412,,0,
M03413,,0,
M03414,,0,
M03415,,0,
M03416,,0,
M03417,,0,
M03418,,0,
M03419,,0,
M03420,,0,
M03421,,0,
M03422,,0,
M03423,,0,
M03424,,0,
M03425,,0,
M03426,,0,
M03427,,0,
M03428,,0,
M03429,,0,
M03430,,0,
M03431,,0,
M03432,N014,1,TYPE_B_GRADUAL_EXPANSION
M03433,,0,
M03434,,0,
M03435,,0,
M03436,,0,
M03437,,0,
M03438,,0,
M03439,,0,
M03440,,0,
M03441,,0,
M03442,,0,
M03443,,0,
M03444,,0,
M03445,,0,
M03446,,0,
M03447,,0,
M03448,,0,
M03449,,0,
M03450,,0,
M03451,,0,
M03452,,0,
M03453,,0,
M03454,,0,
M03455,,0,
M03456,,0,
M03457,,0,
M03458,,0,
M03459,,0,
M03460,,0,
M03461,,0,
M03462,,0,
M03463,,0,
M03464,,0,
M03465,,0,
M03466,N035,1,TYPE_C_INFRASTRUCTURE_CONVERGENCE
M03467,,0,
M03468,N022,1,TYPE_B_GRADUAL_EXPANSION
M03469,,0,
M03470,,0,
M03471,,0,
M03472,,0,
M03473,,0,
M03474,,0,
M03475,,0,
M03476,,0,
M03477,,0,
M03478,,0,
M03479,,0,
M03480,,0,
M03481,,0,
M03482,,0,
M03483,,0,
M03484,,0,
M03485,,0,
M03486,,0,
M03487,,0,
M03488,,0,
M03489,,0,
M03490,,0,
M03491,,0,
M03492,,0,
M03493,,0,
M03494,,0,
M03495,,0,
M03496,,0,
M03497,,0,
M03498,N030,1,TYPE_B_GRADUAL_EXPANSION
M03499,,0,
M03500,,0,
M03501,,0,
M03502,,0,
M03503,,0,
M03504,,0,
M03505,,0,
M03506,,0,
M03507,,0,
M03508,,0,
M03509,,0,
M03510,,0,
M03511,,0,
M03512,,0,
M03513,,0,
M03514,,0,
M03515,,0,
M03516,,0,
M03517,,0,
M03518,,0,
M03519,,0,
M03520,,0,
M03521,N022,1,TYPE_B_GRADUAL_EXPANSION
M03522,N048,1,TYPE_D_BEHAVIORAL_TRANSITION
M03523,,0,
M03524,,0,
M03525,,0,
M03526,,0,
M03527,,0,
M03528,,0,
M03529,,0,
M03530,,0,
M03531,,0,
M03532,,0,
M03533,,0,
M03534,,0,
M03535,,0,
M03536,,0,
M03537,,0,
M03538,N044,1,TYPE_D_BEHAVIORAL_TRANSITION
M03539,,0,
M03540,,0,
M03541,,0,
M03542,,0,
M03543,,0,
M03544,,0,
M03545,,0,
M03546,,0,
M03547,N009,1,TYPE_A_RAPID_FORMATION
M03548,,0,
M03549,,0,
M03550,,0,
M03551,,0,
M03552,N038,1,TYPE_B_GRADUAL_EXPANSION
M03553,,0,
M03554,N033,1,TYPE_A_RAPID_FORMATION
M03555,,0,
M03556,,0,
M03557,,0,
M03558,,0,
M03559,,0,
M03560,,0,
M03561,,0,
M03562,,0,
M03563,,0,
M03564,,0,
M03565,,0,
M03566,,0,
M03567,,0,
M03568,,0,
M03569,,0,
M03570,,0,
M03571,,0,
M03572,,0,
M03573,,0,
M03574,,0,
M03575,,0,
M03576,,0,
M03577,,0,
M03578,,0,
M03579,,0,
M03580,,0,
M03581,,0,
M03582,,0,
M03583,,0,
M03584,,0,
M03585,,0,
M03586,,0,
M03587,,0,
M03588,,0,
M03589,N032,1,TYPE_D_BEHAVIORAL_TRANSITION
M03590,,0,
M03591,,0,
M03592,,0,
M03593,,0,
M03594,,0,
M03595,N058,1,TYPE_B_GRADUAL_EXPANSION
M03596,,0,
M03597,,0,
M03598,,0,
M03599,,0,
M03600,,0,
M03601,,0,
M03602,,0,
M03603,,0,
M03604,,0,
M03605,,0,
M03606,,0,
M03607,,0,
M03608,,0,
M03609,,0,
M03610,,0,
M03611,N009,1,TYPE_A_RAPID_FORMATION
M03612,,0,
M03613,,0,
M03614,,0,
M03615,,0,
M03616,,0,
M03617,,0,
M03618,,0,
M03619,,0,
M03620,,0,
M03621,,0,
M03622,N052,1,TYPE_D_BEHAVIORAL_TRANSITION
M03623,,0,
M03624,,0,
M03625,,0,
M03626,,0,
M03627,,0,
M03628,,0,
M03629,,0,
M03630,,0,
M03631,,0,
M03632,,0,
M03633,,0,
M03634,,0,
M03635,,0,
M03636,,0,
M03637,,0,
M03638,,0,
M03639,,0,
M03640,N044,1,TYPE_D_BEHAVIORAL_TRANSITION
M03641,,0,
M03642,,0,
M03643,,0,
M03644,,0,
M03645,,0,
M03646,,0,
M03647,,0,
M03648,,0,
M03649,,0,
M03650,,0,
M03651,,0,
M03652,,0,
M03653,,0,
M03654,,0,
M03655,,0,
M03656,,0,
M03657,,0,
M03658,,0,
M03659,,0,
M03660,,0,
M03661,,0,
M03662,,0,
M03663,,0,
M03664,,0,
M03665,,0,
M03666,,0,
M03667,,0,
M03668,,0,
M03669,,0,
M03670,,0,
M03671,,0,
M03672,,0,
M03673,,0,
M03674,,0,
M03675,,0,
M03676,,0,
M03677,,0,
M03678,N058,1,TYPE_B_GRADUAL_EXPANSION
M03679,,0,
M03680,,0,
M03681,,0,
M03682,,0,
M03683,,0,
M03684,,0,
M03685,,0,
M03686,,0,
M03687,,0,
M03688,,0,
M03689,,0,
M03690,,0,
M03691,,0,
M03692,,0,
M03693,N037,1,TYPE_A_RAPID_FORMATION
M03694,N002,1,TYPE_B_GRADUAL_EXPANSION
M03695,,0,
M03696,,0,
M03697,,0,
M03698,N020,1,TYPE_D_BEHAVIORAL_TRANSITION
M03699,,0,
M03700,,0,
M03701,,0,
M03702,,0,
M03703,,0,
M03704,,0,
M03705,,0,
M03706,,0,
M03707,,0,
M03708,N005,1,TYPE_A_RAPID_FORMATION
M03709,,0,
M03710,,0,
M03711,,0,
M03712,,0,
M03713,,0,
M03714,,0,
M03715,,0,
M03716,,0,
M03717,,0,
M03718,,0,
M03719,,0,
M03720,,0,
M03721,,0,
M03722,,0,
M03723,,0,
M03724,,0,
M03725,,0,
M03726,,0,
M03727,,0,
M03728,,0,
M03729,,0,
M03730,,0,
M03731,,0,
M03732,,0,
M03733,,0,
M03734,,0,
M03735,,0,
M03736,,0,
M03737,,0,
M03738,,0,
M03739,,0,
M03740,,0,
M03741,,0,
M03742,,0,
M03743,N017,1,TYPE_A_RAPID_FORMATION
M03744,,0,
M03745,,0,
M03746,,0,
M03747,,0,
M03748,N014,1,TYPE_B_GRADUAL_EXPANSION
M03749,,0,
M03750,,0,
M03751,N044,1,TYPE_D_BEHAVIORAL_TRANSITION
M03752,N021,1,TYPE_A_RAPID_FORMATION
M03753,,0,
M03754,,0,
M03755,,0,
M03756,,0,
M03757,N001,1,TYPE_A_RAPID_FORMATION
M03758,,0,
M03759,,0,
M03760,N021,1,TYPE_A_RAPID_FORMATION
M03761,,0,
M03762,,0,
M03763,,0,
M03764,,0,
M03765,,0,
M03766,,0,
M03767,,0,
M03768,,0,
M03769,,0,
M03770,,0,
M03771,,0,
M03772,,0,
M03773,,0,
M03774,,0,
M03775,,0,
M03776,,0,
M03777,,0,
M03778,,0,
M03779,,0,
M03780,,0,
M03781,,0,
M03782,N025,1,TYPE_A_RAPID_FORMATION
M03783,,0,
M03784,,0,
M03785,,0,
M03786,,0,
M03787,,0,
M03788,,0,
M03789,,0,
M03790,,0,
M03791,,0,
M03792,,0,
M03793,,0,
M03794,,0,
M03795,,0,
M03796,,0,
M03797,N007,1,TYPE_C_INFRASTRUCTURE_CONVERGENCE
M03798,,0,
M03799,,0,
M03800,,0,
M03801,,0,
M03802,,0,
M03803,,0,
M03804,,0,
M03805,,0,
M03806,,0,
M03807,,0,
M03808,,0,
M03809,,0,
M03810,N030,1,TYPE_B_GRADUAL_EXPANSION
M03811,,0,
M03812,,0,
M03813,,0,
M03814,,0,
M03815,,0,
M03816,,0,
M03817,,0,
M03818,,0,
M03819,,0,
M03820,,0,
M03821,,0,
M03822,,0,
M03823,,0,
M03824,N006,1,TYPE_B_GRADUAL_EXPANSION
M03825,,0,
M03826,,0,
M03827,,0,
M03828,,0,
M03829,N021,1,TYPE_A_RAPID_FORMATION
M03830,,0,
M03831,,0,
M03832,,0,
M03833,,0,
M03834,,0,
M03835,,0,
M03836,,0,
M03837,,0,
M03838,,0,
M03839,,0,
M03840,,0,
M03841,,0,
M03842,,0,
M03843,,0,
M03844,N012,1,TYPE_D_BEHAVIORAL_TRANSITION
M03845,,0,
M03846,,0,
M03847,,0,
M03848,,0,
M03849,,0,
M03850,,0,
M03851,,0,
M03852,,0,
M03853,,0,
M03854,,0,
M03855,,0,
M03856,,0,
M03857,N035,1,TYPE_C_INFRASTRUCTURE_CONVERGENCE
M03858,,0,
M03859,,0,
M03860,,0,
M03861,,0,
M03862,,0,
M03863,,0,
M03864,,0,
M03865,,0,
M03866,N035,1,TYPE_C_INFRASTRUCTURE_CONVERGENCE
M03867,,0,
M03868,,0,
M03869,,0,
M03870,,0,
M03871,,0,
M03872,,0,
M03873,,0,
M03874,,0,
M03875,,0,
M03876,,0,
M03877,N048,1,TYPE_D_BEHAVIORAL_TRANSITION
M03878,,0,
M03879,,0,
M03880,,0,
M03881,,0,
M03882,,0,
M03883,,0,
M03884,,0,
M03885,,0,
M03886,,0,
M03887,,0,
M03888,,0,
M03889,,0,
M03890,,0,
M03891,N047,1,TYPE_C_INFRASTRUCTURE_CONVERGENCE
M03892,,0,
M03893,,0,
M03894,,0,
M03895,N051,1,TYPE_C_INFRASTRUCTURE_CONVERGENCE
M03896,,0,
M03897,N026,1,TYPE_B_GRADUAL_EXPANSION
M03898,,0,
M03899,,0,
M03900,,0,
M03901,,0,
M03902,,0,
M03903,,0,
M03904,,0,
M03905,,0,
M03906,,0,
M03907,,0,
M03908,,0,
M03909,,0,
M03910,,0,
M03911,,0,
M03912,,0,
M03913,,0,
M03914,,0,
M03915,,0,
M03916,,0,
M03917,,0,
M03918,,0,
M03919,,0,
M03920,,0,
M03921,,0,
M03922,N042,1,TYPE_B_GRADUAL_EXPANSION
M03923,,0,
M03924,,0,
M03925,,0,
M03926,,0,
M03927,,0,
M03928,,0,
M03929,,0,
M03930,,0,
M03931,,0,
M03932,,0,
M03933,,0,
M03934,,0,
M03935,,0,
M03936,,0,
M03937,N021,1,TYPE_A_RAPID_FORMATION
M03938,,0,
M03939,,0,
M03940,,0,
M03941,,0,
M03942,,0,
M03943,,0,
M03944,,0,
M03945,,0,
M03946,,0,
M03947,,0,
M03948,,0,
M03949,,0,
M03950,,0,
M03951,,0,
M03952,,0,
M03953,,0,
M03954,,0,
M03955,,0,
M03956,,0,
M03957,,0,
M03958,,0,
M03959,,0,
M03960,,0,
M03961,,0,
M03962,N051,1,TYPE_C_INFRASTRUCTURE_CONVERGENCE
M03963,N008,1,TYPE_D_BEHAVIORAL_TRANSITION
M03964,,0,
M03965,,0,
M03966,,0,
M03967,,0,
M03968,,0,
M03969,,0,
M03970,,0,
M03971,,0,
M03972,,0,
M03973,,0,
M03974,,0,
M03975,,0,
M03976,,0,
M03977,,0,
M03978,,0,
M03979,,0,
M03980,,0,
M03981,,0,
M03982,,0,
M03983,,0,
M03984,N052,1,TYPE_D_BEHAVIORAL_TRANSITION
M03985,N041,1,TYPE_A_RAPID_FORMATION
M03986,,0,
M03987,N055,1,TYPE_C_INFRASTRUCTURE_CONVERGENCE
M03988,,0,
M03989,,0,
M03990,,0,
M03991,,0,
M03992,,0,
M03993,,0,
M03994,,0,
M03995,,0,
M03996,,0,
M03997,,0,
M03998,N020,1,TYPE_D_BEHAVIORAL_TRANSITION
M03999,,0,
M04000,,0,
M04001,,0,
M04002,,0,
M04003,,0,
M04004,,0,
M04005,,0,
M04006,,0,
M04007,,0,
M04008,,0,
M04009,,0,
M04010,,0,
M04011,,0,
M04012,,0,
M04013,,0,
M04014,,0,
M04015,,0,
M04016,,0,
M04017,,0,
M04018,,0,
M04019,,0,
M04020,,0,
M04021,,0,
M04022,,0,
M04023,,0,
M04024,,0,
M04025,,0,
M04026,,0,
M04027,,0,
M04028,,0,
M04029,,0,
M04030,,0,
M04031,N012,1,TYPE_D_BEHAVIORAL_TRANSITION
M04032,,0,
M04033,,0,
M04034,,0,
M04035,N058,1,TYPE_B_GRADUAL_EXPANSION
M04036,,0,
M04037,,0,
M04038,,0,
M04039,,0,
M04040,,0,
M04041,N047,1,TYPE_C_INFRASTRUCTURE_CONVERGENCE
M04042,,0,
M04043,,0,
M04044,,0,
M04045,,0,
M04046,,0,
M04047,,0,
M04048,,0,
M04049,,0,
M04050,,0,
M04051,,0,
M04052,,0,
M04053,,0,
M04054,,0,
M04055,,0,
M04056,,0,
M04057,,0,
M04058,,0,
M04059,,0,
M04060,,0,
M04061,,0,
M04062,,0,
M04063,,0,
M04064,,0,
M04065,,0,
M04066,N049,1,TYPE_A_RAPID_FORMATION
M04067,,0,
M04068,,0,
M04069,,0,
M04070,,0,
M04071,,0,
M04072,,0,
M04073,,0,
M04074,,0,
M04075,,0,
M04076,,0,
M04077,,0,
M04078,,0,
M04079,,0,
M04080,,0,
M04081,,0,
M04082,,0,
M04083,,0,
M04084,,0,
M04085,,0,
M04086,,0,
M04087,,0,
M04088,,0,
M04089,,0,
M04090,,0,
M04091,,0,
M04092,,0,
M04093,,0,
M04094,,0,
M04095,,0,
M04096,,0,
M04097,,0,
M04098,,0,
M04099,,0,
M04100,,0,
M04101,,0,
M04102,,0,
M04103,,0,
M04104,,0,
M04105,,0,
M04106,,0,
M04107,,0,
M04108,,0,
M04109,,0,
M04110,,0,
M04111,,0,
M04112,,0,
M04113,,0,
M04114,,0,
M04115,,0,
M04116,,0,
M04117,,0,
M04118,,0,
M04119,,0,
M04120,,0,
M04121,,0,
M04122,,0,
M04123,,0,
M04124,,0,
M04125,,0,
M04126,N042,1,TYPE_B_GRADUAL_EXPANSION
M04127,,0,
M04128,,0,
M04129,,0,
M04130,,0,
M04131,,0,
M04132,,0,
M04133,,0,
M04134,,0,
M04135,,0,
M04136,N012,1,TYPE_D_BEHAVIORAL_TRANSITION
M04137,,0,
M04138,,0,
M04139,,0,
M04140,,0,
M04141,,0,
M04142,,0,
M04143,,0,
M04144,,0,
M04145,,0,
M04146,,0,
M04147,,0,
M04148,,0,
M04149,,0,
M04150,,0,
M04151,N053,1,TYPE_A_RAPID_FORMATION
M04152,,0,
M04153,,0,
M04154,,0,
M04155,,0,
M04156,,0,
M04157,,0,
M04158,,0,
M04159,,0,
M04160,,0,
M04161,,0,
M04162,,0,
M04163,,0,
M04164,,0,
M04165,,0,
M04166,,0,
M04167,,0,
M04168,,0,
M04169,,0,
M04170,,0,
M04171,,0,
M04172,,0,
M04173,,0,
M04174,,0,
M04175,,0,
M04176,,0,
M04177,,0,
M04178,,0,
M04179,,0,
M04180,,0,
M04181,,0,
M04182,,0,
M04183,,0,
M04184,,0,
M04185,,0,
M04186,,0,
M04187,,0,
M04188,,0,
M04189,,0,
M04190,,0,
M04191,,0,
M04192,,0,
M04193,,0,
M04194,,0,
M04195,,0,
M04196,,0,
M04197,,0,
M04198,,0,
M04199,,0,
M04200,,0,
M04201,,0,
M04202,,0,
M04203,,0,
M04204,,0,
M04205,N057,1,TYPE_A_RAPID_FORMATION
M04206,,0,
M04207,,0,
M04208,,0,
M04209,,0,
M04210,,0,
M04211,,0,
M04212,,0,
M04213,,0,
M04214,,0,
M04215,,0,
M04216,,0,
M04217,,0,
M04218,,0,
M04219,,0,
M04220,,0,
M04221,,0,
M04222,,0,
M04223,,0,
M04224,,0,
M04225,N050,1,TYPE_B_GRADUAL_EXPANSION
M04226,,0,
M04227,,0,
M04228,,0,
M04229,,0,
M04230,,0,
M04231,,0,
M04232,,0,
M04233,,0,
M04234,,0,
M04235,,0,
M04236,,0,
M04237,,0,
M04238,,0,
M04239,,0,
M04240,,0,
M04241,N031,1,TYPE_C_INFRASTRUCTURE_CONVERGENCE
M04242,,0,
M04243,,0,
M04244,,0,
M04245,,0,
M04246,,0,
M04247,N038,1,TYPE_B_GRADUAL_EXPANSION
M04248,,0,
M04249,,0,
M04250,,0,
M04251,,0,
M04252,,0,
M04253,,0,
M04254,,0,
M04255,,0,
M04256,,0,
M04257,,0,
M04258,,0,
M04259,,0,
M04260,,0,
M04261,,0,
M04262,,0,
M04263,,0,
M04264,,0,
M04265,,0,
M04266,,0,
M04267,,0,
M04268,,0,
M04269,,0,
M04270,,0,
M04271,,0,
M04272,,0,
M04273,,0,
M04274,,0,
M04275,,0,
M04276,,0,
M04277,,0,
M04278,,0,
M04279,,0,
M04280,,0,
M04281,,0,
M04282,,0,
M04283,,0,
M04284,,0,
M04285,,0,
M04286,,0,
M04287,,0,
M04288,,0,
M04289,,0,
M04290,,0,
M04291,,0,
M04292,,0,
M04293,,0,
M04294,,0,
M04295,,0,
M04296,,0,
M04297,,0,
M04298,,0,
M04299,,0,
M04300,,0,
M04301,,0,
M04302,,0,
M04303,,0,
M04304,,0,
M04305,,0,
M04306,,0,
M04307,N023,1,TYPE_C_INFRASTRUCTURE_CONVERGENCE
M04308,,0,
M04309,,0,
M04310,,0,
M04311,,0,
M04312,,0,
M04313,,0,
M04314,,0,
M04315,,0,
M04316,,0,
M04317,N019,1,TYPE_C_INFRASTRUCTURE_CONVERGENCE
M04318,,0,
M04319,,0,
M04320,,0,
M04321,,0,
M04322,,0,
M04323,,0,
M04324,,0,
M04325,,0,
M04326,,0,
M04327,,0,
M04328,,0,
M04329,,0,
M04330,,0,
M04331,,0,
M04332,,0,
M04333,,0,
M04334,,0,
M04335,,0,
M04336,,0,
M04337,,0,
M04338,,0,
M04339,,0,
M04340,,0,
M04341,,0,
M04342,,0,
M04343,,0,
M04344,,0,
M04345,,0,
M04346,,0,
M04347,,0,
M04348,,0,
M04349,,0,
M04350,,0,
M04351,,0,
M04352,,0,
M04353,,0,
M04354,,0,
M04355,,0,
M04356,,0,
M04357,,0,
M04358,,0,
M04359,,0,
M04360,,0,
M04361,,0,
M04362,,0,
M04363,,0,
M04364,,0,
M04365,,0,
M04366,,0,
M04367,,0,
M04368,,0,
M04369,,0,
M04370,,0,
M04371,,0,
M04372,,0,
M04373,,0,
M04374,,0,
M04375,,0,
M04376,,0,
M04377,,0,
M04378,,0,
M04379,N026,1,TYPE_B_GRADUAL_EXPANSION
M04380,,0,
M04381,,0,
M04382,,0,
M04383,,0,
M04384,,0,
M04385,,0,
M04386,,0,
M04387,,0,
M04388,,0,
M04389,,0,
M04390,,0,
M04391,,0,
M04392,,0,
M04393,N009,1,TYPE_A_RAPID_FORMATION
M04394,,0,
M04395,N047,1,TYPE_C_INFRASTRUCTURE_CONVERGENCE
M04396,,0,
M04397,,0,
M04398,,0,
M04399,,0,
M04400,,0,
M04401,,0,
M04402,,0,
M04403,,0,
M04404,,0,
M04405,,0,
M04406,,0,
M04407,,0,
M04408,,0,
M04409,,0,
M04410,,0,
M04411,,0,
M04412,,0,
M04413,,0,
M04414,,0,
M04415,,0,
M04416,,0,
M04417,,0,
M04418,,0,
M04419,,0,
M04420,,0,
M04421,,0,
M04422,,0,
M04423,,0,
M04424,,0,
M04425,,0,
M04426,,0,
M04427,,0,
M04428,,0,
M04429,,0,
M04430,,0,
M04431,,0,
M04432,,0,
M04433,,0,
M04434,,0,
M04435,,0,
M04436,,0,
M04437,,0,
M04438,,0,
M04439,,0,
M04440,,0,
M04441,N013,1,TYPE_A_RAPID_FORMATION
M04442,,0,
M04443,,0,
M04444,,0,
M04445,,0,
M04446,,0,
M04447,,0,
M04448,,0,
M04449,,0,
M04450,,0,
M04451,,0,
M04452,,0,
M04453,,0,
M04454,N012,1,TYPE_D_BEHAVIORAL_TRANSITION
M04455,,0,
M04456,,0,
M04457,,0,
M04458,,0,
M04459,,0,
M04460,,0,
M04461,,0,
M04462,,0,
M04463,,0,
M04464,,0,
M04465,,0,
M04466,,0,
M04467,,0,
M04468,,0,
M04469,,0,
M04470,,0,
M04471,,0,
M04472,,0,
M04473,,0,
M04474,,0,
M04475,,0,
M04476,,0,
M04477,,0,
M04478,,0,
M04479,,0,
M04480,,0,
M04481,,0,
M04482,,0,
M04483,,0,
M04484,,0,
M04485,,0,
M04486,,0,
M04487,,0,
M04488,,0,
M04489,,0,
M04490,,0,
M04491,,0,
M04492,,0,
M04493,,0,
M04494,,0,
M04495,,0,
M04496,N057,1,TYPE_A_RAPID_FORMATION
M04497,,0,
M04498,,0,
M04499,,0,
M04500,,0,
M04501,,0,
M04502,,0,
M04503,,0,
M04504,,0,
M04505,,0,
M04506,,0,
M04507,,0,
M04508,,0,
M04509,,0,
M04510,,0,
M04511,,0,
M04512,,0,
M04513,,0,
M04514,,0,
M04515,,0,
M04516,,0,
M04517,,0,
M04518,,0,
M04519,,0,
M04520,,0,
M04521,,0,
M04522,,0,
M04523,,0,
M04524,,0,
M04525,,0,
M04526,,0,
M04527,,0,
M04528,,0,
M04529,,0,
M04530,,0,
M04531,,0,
M04532,,0,
M04533,,0,
M04534,,0,
M04535,,0,
M04536,,0,
M04537,,0,
M04538,,0,
M04539,,0,
M04540,,0,
M04541,,0,
M04542,,0,
M04543,,0,
M04544,,0,
M04545,,0,
M04546,,0,
M04547,,0,
M04548,,0,
M04549,,0,
M04550,,0,
M04551,,0,
M04552,,0,
M04553,,0,
M04554,,0,
M04555,,0,
M04556,,0,
M04557,,0,
M04558,,0,
M04559,,0,
M04560,,0,
M04561,,0,
M04562,,0,
M04563,,0,
M04564,,0,
M04565,,0,
M04566,,0,
M04567,,0,
M04568,,0,
M04569,,0,
M04570,,0,
M04571,,0,
M04572,,0,
M04573,,0,
M04574,,0,
M04575,,0,
M04576,,0,
M04577,,0,
M04578,,0,
M04579,N048,1,TYPE_D_BEHAVIORAL_TRANSITION
M04580,,0,
M04581,,0,
M04582,,0,
M04583,,0,
M04584,,0,
M04585,,0,
M04586,,0,
M04587,,0,
M04588,,0,
M04589,,0,
M04590,,0,
M04591,,0,
M04592,,0,
M04593,N015,1,TYPE_C_INFRASTRUCTURE_CONVERGENCE
M04594,,0,
M04595,,0,
M04596,,0,
M04597,,0,
M04598,N049,1,TYPE_A_RAPID_FORMATION
M04599,,0,
M04600,,0,
M04601,,0,
M04602,,0,
M04603,,0,
M04604,,0,
M04605,,0,
M04606,,0,
M04607,N050,1,TYPE_B_GRADUAL_EXPANSION
M04608,,0,
M04609,,0,
M04610,N053,1,TYPE_A_RAPID_FORMATION
M04611,,0,
M04612,,0,
M04613,,0,
M04614,,0,
M04615,,0,
M04616,,0,
M04617,,0,
M04618,,0,
M04619,,0,
M04620,,0,
M04621,,0,
M04622,,0,
M04623,,0,
M04624,,0,
M04625,,0,
M04626,,0,
M04627,,0,
M04628,,0,
M04629,,0,
M04630,,0,
M04631,,0,
M04632,,0,
M04633,,0,
M04634,,0,
M04635,,0,
M04636,,0,
M04637,,0,
M04638,,0,
M04639,,0,
M04640,,0,
M04641,,0,
M04642,,0,
M04643,,0,
M04644,,0,
M04645,,0,
M04646,,0,
M04647,,0,
M04648,,0,
M04649,,0,
M04650,,0,
M04651,,0,
M04652,,0,
M04653,,0,
M04654,,0,
M04655,,0,
M04656,,0,
M04657,,0,
M04658,,0,
M04659,,0,
M04660,,0,
M04661,,0,
M04662,,0,
M04663,,0,
M04664,,0,
M04665,,0,
M04666,,0,
M04667,,0,
M04668,,0,
M04669,,0,
M04670,,0,
M04671,,0,
M04672,,0,
M04673,,0,
M04674,,0,
M04675,,0,
M04676,,0,
M04677,N007,1,TYPE_C_INFRASTRUCTURE_CONVERGENCE
M04678,,0,
M04679,,0,
M04680,,0,
M04681,,0,
M04682,,0,
M04683,,0,
M04684,,0,
M04685,,0,
M04686,,0,
M04687,,0,
M04688,,0,
M04689,,0,
M04690,,0,
M04691,,0,
M04692,,0,
M04693,,0,
M04694,,0,
M04695,,0,
M04696,,0,
M04697,,0,
M04698,N057,1,TYPE_A_RAPID_FORMATION
M04699,,0,
M04700,,0,
M04701,,0,
M04702,,0,
M04703,,0,
M04704,,0,
M04705,,0,
M04706,,0,
M04707,,0,
M04708,,0,
M04709,,0,
M04710,,0,
M04711,,0,
M04712,,0,
M04713,,0,
M04714,N040,1,TYPE_D_BEHAVIORAL_TRANSITION
M04715,,0,
M04716,,0,
M04717,,0,
M04718,,0,
M04719,,0,
M04720,,0,
M04721,,0,
M04722,,0,
M04723,,0,
M04724,,0,
M04725,,0,
M04726,,0,
M04727,,0,
M04728,,0,
M04729,,0,
M04730,,0,
M04731,,0,
M04732,,0,
M04733,,0,
M04734,,0,
M04735,,0,
M04736,,0,
M04737,,0,
M04738,,0,
M04739,,0,
M04740,,0,
M04741,,0,
M04742,,0,
M04743,,0,
M04744,,0,
M04745,,0,
M04746,,0,
M04747,,0,
M04748,,0,
M04749,,0,
M04750,,0,
M04751,,0,
M04752,,0,
M04753,,0,
M04754,,0,
M04755,,0,
M04756,,0,
M04757,N056,1,TYPE_D_BEHAVIORAL_TRANSITION
M04758,N016,1,TYPE_D_BEHAVIORAL_TRANSITION
M04759,,0,
M04760,,0,
M04761,,0,
M04762,,0,
M04763,N026,1,TYPE_B_GRADUAL_EXPANSION
M04764,,0,
M04765,,0,
M04766,,0,
M04767,,0,
M04768,N032,1,TYPE_D_BEHAVIORAL_TRANSITION
M04769,,0,
M04770,,0,
M04771,,0,
M04772,,0,
M04773,,0,
M04774,,0,
M04775,,0,
M04776,,0,
M04777,,0,
M04778,,0,
M04779,,0,
M04780,,0,
M04781,,0,
M04782,,0,
M04783,,0,
M04784,,0,
M04785,,0,
M04786,,0,
M04787,,0,
M04788,,0,
M04789,,0,
M04790,,0,
M04791,,0,
M04792,,0,
M04793,,0,
M04794,,0,
M04795,,0,
M04796,,0,
M04797,,0,
M04798,,0,
M04799,,0,
M04800,,0,
M04801,,0,
M04802,,0,
M04803,,0,
M04804,,0,
M04805,,0,
M04806,,0,
M04807,,0,
M04808,,0,
M04809,,0,
M04810,N030,1,TYPE_B_GRADUAL_EXPANSION
M04811,,0,
M04812,,0,
M04813,,0,
M04814,N022,1,TYPE_B_GRADUAL_EXPANSION
M04815,,0,
M04816,,0,
M04817,,0,
M04818,,0,
M04819,,0,
M04820,,0,
M04821,,0,
M04822,,0,
M04823,,0,
M04824,,0,
M04825,,0,
M04826,,0,
M04827,,0,
M04828,,0,
M04829,,0,
M04830,,0,
M04831,,0,
M04832,N019,1,TYPE_C_INFRASTRUCTURE_CONVERGENCE
M04833,,0,
M04834,,0,
M04835,,0,
M04836,,0,
M04837,,0,
M04838,,0,
M04839,N033,1,TYPE_A_RAPID_FORMATION
M04840,,0,
M04841,,0,
M04842,,0,
M04843,N059,1,TYPE_C_INFRASTRUCTURE_CONVERGENCE
M04844,,0,
M04845,,0,
M04846,,0,
M04847,,0,
M04848,,0,
M04849,,0,
M04850,,0,
M04851,,0,
M04852,,0,
M04853,,0,
M04854,,0,
M04855,,0,
M04856,,0,
M04857,,0,
M04858,,0,
M04859,,0,
M04860,,0,
M04861,,0,
M04862,,0,
M04863,,0,
M04864,,0,
M04865,,0,
M04866,,0,
M04867,,0,
M04868,,0,
M04869,,0,
M04870,,0,
M04871,,0,
M04872,,0,
M04873,,0,
M04874,,0,
M04875,,0,
M04876,,0,
M04877,,0,
M04878,,0,
M04879,,0,
M04880,,0,
M04881,,0,
M04882,,0,
M04883,,0,
M04884,,0,
M04885,,0,
M04886,,0,
M04887,N019,1,TYPE_C_INFRASTRUCTURE_CONVERGENCE
M04888,,0,
M04889,,0,
M04890,,0,
M04891,,0,
M04892,,0,
M04893,,0,
M04894,,0,
M04895,,0,
M04896,,0,
M04897,,0,
M04898,,0,
M04899,,0,
M04900,,0,
M04901,,0,
M04902,N007,1,TYPE_C_INFRASTRUCTURE_CONVERGENCE
M04903,,0,
M04904,,0,
M04905,,0,
M04906,,0,
M04907,,0,
M04908,,0,
M04909,,0,
M04910,,0,
M04911,,0,
M04912,,0,
M04913,,0,
M04914,N055,1,TYPE_C_INFRASTRUCTURE_CONVERGENCE
M04915,,0,
M04916,,0,
M04917,,0,
M04918,,0,
M04919,,0,
M04920,,0,
M04921,,0,
M04922,N052,1,TYPE_D_BEHAVIORAL_TRANSITION
M04923,,0,
M04924,,0,
M04925,,0,
M04926,,0,
M04927,N044,1,TYPE_D_BEHAVIORAL_TRANSITION
M04928,,0,
M04929,,0,
M04930,,0,
M04931,,0,
M04932,,0,
M04933,,0,
M04934,,0,
M04935,,0,
M04936,,0,
M04937,N050,1,TYPE_B_GRADUAL_EXPANSION
M04938,,0,
M04939,,0,
M04940,,0,
M04941,,0,
M04942,,0,
M04943,,0,
M04944,,0,
M04945,,0,
M04946,,0,
M04947,,0,
M04948,,0,
M04949,,0,
M04950,,0,
M04951,,0,
M04952,,0,
M04953,,0,
M04954,,0,
M04955,,0,
M04956,,0,
M04957,,0,
M04958,,0,
M04959,,0,
M04960,,0,
M04961,,0,
M04962,,0,
M04963,,0,
M04964,,0,
M04965,,0,
M04966,,0,
M04967,,0,
M04968,,0,
M04969,,0,
M04970,,0,
M04971,,0,
M04972,,0,
M04973,,0,
M04974,,0,
M04975,,0,
M04976,,0,
M04977,,0,
M04978,,0,
M04979,,0,
M04980,,0,
M04981,,0,
M04982,,0,
M04983,,0,
M04984,N031,1,TYPE_C_INFRASTRUCTURE_CONVERGENCE
M04985,,0,
M04986,,0,
M04987,,0,
M04988,,0,
M04989,,0,
M04990,N021,1,TYPE_A_RAPID_FORMATION
M04991,,0,
M04992,,0,
M04993,,0,
M04994,,0,
M04995,,0,
M04996,,0,
M04997,,0,
M04998,,0,
M04999,,0,
M05000,,0,
