feature,information_source,available_at_inference,leakage_risk,justification
avg_ip_rarity,transaction_logs,True,Low,Computed strictly using the train-split merchant subset frequencies. Test merchants do not influence rarity scores.
avg_device_rarity,transaction_logs,True,Low,Uses train-split frequencies only.
avg_customer_rarity,transaction_logs,True,Low,Uses train-split frequencies only.
avg_ip_frequency,transaction_logs,True,Low,Uses train-split frequencies only.
avg_device_frequency,transaction_logs,True,Low,Uses train-split frequencies only.
shared_ip_volume_ratio,transaction_logs,True,Low,Cross-references merchant transactions against internally identified shared entities. No test labels used.
shared_device_volume_ratio,transaction_logs,True,Low,No test labels used.
shared_customer_volume_ratio,transaction_logs,True,Low,No test labels used.
volume_burstiness,transaction_logs,True,Low,Uses daily volume Gini coefficient solely within the allowed merchant subset.
