network_id,is_mule,merchant_count,t1_nodes,t1_edges,t1_volume,t1_refund_rate,t2_nodes,t2_edges,t2_volume,t2_refund_rate,t3_nodes,t3_edges,t3_volume,t3_refund_rate,delta_nodes_t1_t2,delta_edges_t1_t2,delta_volume_t1_t2,delta_refund_t1_t2,delta_nodes_t2_t3,delta_edges_t2_t3,delta_volume_t2_t3,delta_refund_t2_t3
N001,True,5,5,7,124484.84,0.034482758620689655,5,3,96377.66,0.012195121951219513,5,10,114402.87000000001,0.03260869565217391,0,-4,-28107.179999999993,-0.022287636669470142,0,7,18025.210000000006,0.0204135737009544
N002,True,3,3,0,53173.09,0.0,3,0,62763.68,0.037037037037037035,3,0,37577.66,0.04,0,0,9590.590000000004,0.037037037037037035,0,0,-25186.019999999997,0.002962962962962966
N003,True,5,5,1,200294.01,0.09375,5,2,213756.65000000002,0.07936507936507936,5,2,149057.6,0.017241379310344827,0,1,13462.640000000014,-0.01438492063492064,0,0,-64699.05000000002,-0.06212370005473453
N004,True,6,6,0,115921.37000000001,0.058823529411764705,6,1,42220.29000000001,0.03333333333333333,6,0,118892.26999999999,0.08333333333333333,0,1,-73701.08,-0.025490196078431372,0,-1,76671.97999999998,0.049999999999999996
N005,True,5,5,10,46501.75000000001,0.058823529411764705,5,7,79661.26999999999,0.0,5,10,40854.729999999996,0.0,0,-3,33159.51999999998,-0.058823529411764705,0,3,-38806.53999999999,0.0
N006,True,8,8,6,392574.72,0.014563106796116505,8,9,480369.92000000004,0.009174311926605505,8,5,471053.42,0.03225806451612903,0,3,87795.20000000007,-0.005388794869511,0,-4,-9316.500000000058,0.023083752589523526
N007,True,3,3,0,29907.84,0.0,3,0,35694.61,0.058823529411764705,3,0,23142.18,0.125,0,0,5786.77,0.058823529411764705,0,0,-12552.43,0.0661764705882353
N008,True,4,3,0,30555.089999999997,0.0,4,0,29735.36,0.0,4,1,28973.019999999997,0.14285714285714285,1,0,-819.7299999999959,0.0,0,1,-762.3400000000038,0.14285714285714285
N009,True,5,5,9,48994.82,0.03125,5,10,57411.369999999995,0.04878048780487805,4,3,23176.280000000002,0.0,0,1,8416.549999999996,0.01753048780487805,-1,-7,-34235.09,-0.04878048780487805
N010,True,6,6,0,138085.82,0.046511627906976744,6,0,103429.03999999998,0.11764705882352941,6,0,102289.53,0.023809523809523808,0,0,-34656.78000000003,0.07113543091655267,0,0,-1139.5099999999802,-0.0938375350140056
B001,False,4,4,0,123790.66,0.078125,3,0,124730.15000000001,0.030303030303030304,4,3,212218.74000000002,0.04,-1,0,939.4900000000052,-0.047821969696969696,1,3,87488.59000000001,0.009696969696969697
B002,False,3,3,0,76119.24,0.0,3,1,171138.75999999998,0.04,3,2,199285.76999999996,0.0,0,1,95019.51999999997,0.04,0,1,28147.00999999998,-0.04
B003,False,4,4,3,143306.43999999997,0.0,4,2,113467.55000000002,0.0,4,0,123289.85,0.0,0,-1,-29838.889999999956,0.0,0,-2,9822.299999999988,0.0
B004,False,3,2,0,354352.33999999997,0.0,3,1,539617.57,0.0,2,0,390688.86,0.0,1,1,185265.22999999998,0.0,-1,-1,-148928.70999999996,0.0
B005,False,3,3,0,121064.39000000001,0.02564102564102564,3,0,134933.09000000003,0.025,3,1,132363.19999999998,0.0,0,0,13868.700000000012,-0.0006410256410256387,0,1,-2569.890000000043,-0.025
B006,False,3,2,0,88188.13,0.0,3,1,69319.54999999999,0.0,3,1,85030.41,0.0625,1,1,-18868.580000000016,0.0,0,0,15710.860000000015,0.0625
B007,False,7,6,5,194500.23,0.012048192771084338,7,5,166461.65000000002,0.05714285714285714,7,4,182317.41999999998,0.08823529411764706,1,0,-28038.579999999987,0.0450946643717728,0,-1,15855.76999999996,0.031092436974789923
B008,False,3,3,0,16460.760000000002,0.0,3,1,16188.01,0.05555555555555555,3,0,32018.12,0.05,0,1,-272.7500000000018,0.05555555555555555,0,-1,15830.109999999999,-0.00555555555555555
B009,False,4,4,1,445008.04000000004,0.029411764705882353,4,3,603209.2,0.0,4,0,436966.87,0.0,0,2,158201.15999999992,-0.029411764705882353,0,-3,-166242.32999999996,0.0
B010,False,7,6,6,254195.6,0.03636363636363636,7,4,339467.59,0.05,6,3,343306.5,0.07971014492753623,1,-2,85271.99000000002,0.013636363636363641,-1,-1,3838.9099999999744,0.029710144927536222
B011,False,10,10,24,396041.78,0.015789473684210527,10,11,443144.56,0.024390243902439025,9,17,527291.95,0.016042780748663103,0,-13,47102.77999999997,0.008600770218228498,-1,6,84147.38999999996,-0.008347463153775922
B012,False,3,3,0,166535.27000000002,0.058823529411764705,3,1,106796.34,0.09523809523809523,3,0,101901.56,0.037037037037037035,0,1,-59738.93000000002,0.03641456582633053,0,-1,-4894.779999999999,-0.0582010582010582
B013,False,4,4,1,229121.33999999997,0.0,4,1,162714.0,0.0,4,0,219313.32,0.0,0,0,-66407.33999999997,0.0,0,-1,56599.32000000001,0.0
B014,False,6,6,3,175118.41999999998,0.030303030303030304,6,6,326911.11999999994,0.019417475728155338,6,7,178340.48,0.0,0,3,151792.69999999995,-0.010885554574874966,0,1,-148570.63999999993,-0.019417475728155338
B015,False,4,4,4,87399.48000000001,0.04,4,0,152780.95999999996,0.08108108108108109,4,1,190350.25999999998,0.10344827586206896,0,-4,65381.47999999995,0.041081081081081085,0,1,37569.30000000002,0.02236719478098788
B016,False,11,11,30,285643.85,0.0375,8,8,218759.3,0.04,10,17,312001.45999999996,0.0,-3,-22,-66884.54999999999,0.0025000000000000022,2,9,93242.15999999997,-0.04
B017,False,4,4,0,434317.81,0.010309278350515464,4,1,693426.2399999999,0.0,4,4,459910.35,0.0,0,1,259108.42999999988,-0.010309278350515464,0,3,-233515.8899999999,0.0
B018,False,3,3,3,103960.37,0.038461538461538464,3,0,196195.33,0.03,3,1,86085.48000000001,0.14102564102564102,0,-3,92234.95999999999,-0.008461538461538465,0,1,-110109.84999999998,0.11102564102564103
B019,False,4,4,3,120351.98000000001,0.0,4,4,236846.47,0.017241379310344827,4,2,228553.38,0.03773584905660377,0,1,116494.48999999999,0.017241379310344827,0,-2,-8293.089999999997,0.020494469746258945
B020,False,3,2,0,54084.08,0.0,3,3,102171.54000000002,0.15,1,0,63665.67,0.0,1,3,48087.46000000002,0.15,-2,-3,-38505.870000000024,-0.15
B021,False,3,3,3,146379.89,0.025,3,2,119189.94,0.0625,3,0,140125.09,0.12987012987012986,0,-1,-27189.95000000001,0.0375,0,-2,20935.149999999994,0.06737012987012986
B022,False,5,5,6,153471.18000000002,0.058823529411764705,5,6,90250.39999999998,0.06382978723404255,4,3,95193.91,0.01818181818181818,0,0,-63220.78000000004,0.005006257822277843,-1,-3,4943.510000000024,-0.04564796905222437
B023,False,3,3,0,108546.45999999999,0.0,3,1,108822.04,0.012987012987012988,1,0,69684.75000000001,0.0,0,1,275.58000000000175,0.012987012987012988,-2,-1,-39137.28999999998,-0.012987012987012988
B024,False,4,4,0,117566.12,0.022727272727272728,4,1,62864.08,0.03125,4,1,181362.27,0.0,0,1,-54702.03999999999,0.008522727272727272,0,0,118498.18999999999,-0.03125
B025,False,4,4,1,73973.81,0.0625,2,0,129735.60999999999,0.04,4,3,59736.200000000004,0.0,-2,-1,55761.79999999999,-0.0225,2,3,-69999.40999999997,-0.04
B026,False,3,3,3,534329.82,0.03896103896103896,3,1,450370.13,0.012987012987012988,3,0,554569.3200000001,0.0125,0,-2,-83959.68999999994,-0.025974025974025972,0,-1,104199.19000000006,-0.0004870129870129872
B027,False,6,5,3,24727.539999999997,0.0,5,0,12351.76,0.14285714285714285,4,6,16171.41,0.2222222222222222,0,-3,-12375.779999999997,0.14285714285714285,-1,6,3819.6499999999996,0.07936507936507936
B028,False,3,3,1,33551.65,0.0,3,0,32724.59,0.0,2,0,8710.2,0.0,0,-1,-827.0600000000013,0.0,-1,0,-24014.39,0.0
B029,False,3,2,0,84985.98000000001,0.0,2,1,63308.84,0.04,3,1,44271.76,0.029411764705882353,0,1,-21677.140000000014,0.04,1,0,-19037.079999999994,-0.010588235294117648
B030,False,3,3,0,25153.070000000003,0.0,3,0,17713.489999999998,0.0,3,0,17688.929999999997,0.0,0,0,-7439.580000000005,0.0,0,0,-24.56000000000131,0.0
B031,False,3,3,1,39668.88,0.0,3,0,30668.63,0.0,3,1,35242.990000000005,0.0,0,-1,-9000.249999999996,0.0,0,1,4574.360000000004,0.0
B032,False,5,5,2,193934.58,0.05747126436781609,5,1,170263.84,0.03529411764705882,5,3,168381.63999999998,0.13636363636363635,0,-1,-23670.73999999999,-0.022177146720757268,0,2,-1882.2000000000116,0.10106951871657753
B033,False,6,6,1,169469.57,0.07142857142857142,6,6,185082.94,0.05,5,10,109510.81999999998,0.021739130434782608,0,5,15613.369999999995,-0.021428571428571422,-1,4,-75572.12000000002,-0.028260869565217395
B034,False,3,3,1,115410.15,0.02857142857142857,3,0,46505.01,0.043478260869565216,3,0,116104.2,0.029411764705882353,0,-1,-68905.13999999998,0.014906832298136646,0,0,69599.19,-0.014066496163682864
B035,False,6,6,6,202450.18000000002,0.049019607843137254,6,1,139676.45,0.024390243902439025,5,2,180301.02,0.010638297872340425,0,-5,-62773.73000000001,-0.02462936394069823,-1,1,40624.56999999998,-0.0137519460300986
B036,False,5,5,3,92435.66,0.043478260869565216,5,1,111248.77000000002,0.04938271604938271,4,0,69195.58,0.015873015873015872,0,-2,18813.110000000015,0.005904455179817497,-1,-1,-42053.19000000002,-0.03350970017636684
B037,False,4,4,4,112650.62000000001,0.01818181818181818,4,1,121577.79000000001,0.029850746268656716,4,4,196491.22000000003,0.03389830508474576,0,-3,8927.169999999998,0.011668928086838535,0,3,74913.43000000002,0.004047558816089047
B038,False,4,4,1,131025.31,0.06060606060606061,4,0,87553.79999999999,0.045454545454545456,3,3,72793.27,0.0,0,-1,-43471.51000000001,-0.015151515151515152,-1,3,-14760.529999999984,-0.045454545454545456
B039,False,3,3,1,35461.53,0.0,3,0,46988.979999999996,0.04,3,1,25043.59,0.07142857142857142,0,-1,11527.449999999997,0.04,0,1,-21945.389999999996,0.031428571428571424
B040,False,3,2,1,23110.68,0.12121212121212122,2,0,16824.04,0.07692307692307693,3,1,21346.949999999997,0.06896551724137931,0,-1,-6286.639999999999,-0.04428904428904429,1,1,4522.909999999996,-0.007957559681697618
B041,False,8,8,16,223977.21000000002,0.038461538461538464,8,5,292653.18,0.05625,8,4,325531.05,0.0684931506849315,0,-11,68675.96999999997,0.017788461538461538,0,-1,32877.869999999995,0.012243150684931502
B042,False,3,3,0,118096.7,0.07575757575757576,3,1,135151.69000000003,0.011494252873563218,3,0,160155.46,0.039473684210526314,0,1,17054.990000000034,-0.06426332288401254,0,-1,25003.76999999996,0.027979431336963095
B043,False,4,4,2,250698.23,0.04285714285714286,4,0,130707.97,0.03571428571428571,4,3,368698.55,0.0,0,-2,-119990.26000000001,-0.007142857142857145,0,3,237990.58,-0.03571428571428571
B044,False,4,4,0,204251.7,0.05154639175257732,4,2,147863.56,0.02197802197802198,4,4,217451.11000000002,0.010869565217391304,0,2,-56388.140000000014,-0.029568369774555337,0,2,69587.55000000002,-0.011108456760630676
B045,False,3,3,0,62108.079999999994,0.022222222222222223,3,3,61343.56999999999,0.0,3,0,32818.32,0.037037037037037035,0,3,-764.510000000002,-0.022222222222222223,0,-3,-28525.249999999993,0.037037037037037035
B046,False,8,8,12,422033.63999999996,0.09523809523809523,8,4,415221.78,0.08,8,11,368400.57999999996,0.06593406593406594,0,-8,-6811.859999999928,-0.015238095238095231,0,7,-46821.20000000007,-0.014065934065934066
B047,False,3,2,0,90670.35,0.014925373134328358,3,3,143744.71000000002,0.06741573033707865,3,0,132587.91,0.10843373493975904,1,3,53074.360000000015,0.05249035720275029,0,-3,-11156.800000000017,0.04101800460268039
B048,False,5,5,1,209253.84999999998,0.05194805194805195,5,6,285662.9,0.0,5,3,148529.94000000003,0.01282051282051282,0,5,76409.05000000005,-0.05194805194805195,0,-3,-137132.96,0.01282051282051282
B049,False,6,6,7,139771.68,0.041237113402061855,6,7,150296.04,0.0,6,6,122241.67000000001,0.02666666666666667,0,0,10524.360000000015,-0.041237113402061855,0,-1,-28054.369999999995,0.02666666666666667
B050,False,8,8,5,159202.34,0.05405405405405406,8,10,74637.02999999998,0.08450704225352113,7,3,138536.46000000002,0.15584415584415584,0,5,-84565.31000000001,0.030452988199467068,-1,-7,63899.43000000004,0.07133711359063472
B051,False,4,4,3,30571.640000000003,0.0,4,0,16745.449999999997,0.0,2,0,7812.16,0.0,0,-3,-13826.190000000006,0.0,-2,0,-8933.289999999997,0.0
B052,False,5,5,1,97314.17000000001,0.0,5,3,191419.36,0.0625,5,6,178640.15000000002,0.05405405405405406,0,2,94105.18999999997,0.0625,0,3,-12779.209999999963,-0.008445945945945943
B053,False,4,4,1,94216.80999999998,0.047619047619047616,4,1,88536.04000000001,0.03225806451612903,4,4,173633.78,0.02857142857142857,0,0,-5680.769999999975,-0.015360983102918585,0,3,85097.73999999999,-0.003686635944700461
B054,False,5,5,1,98776.5,0.025,5,4,131584.0,0.058823529411764705,4,3,110112.36,0.1111111111111111,0,3,32807.5,0.033823529411764704,-1,-1,-21471.64,0.0522875816993464
B055,False,6,5,3,190492.19,0.06666666666666667,6,0,122180.29000000001,0.0,6,11,270009.64,0.031746031746031744,1,-3,-68311.9,-0.06666666666666667,0,11,147829.35,0.031746031746031744
B056,False,3,3,3,104874.85,0.0,3,1,46518.26,0.0,2,0,23882.98,0.14285714285714285,0,-2,-58356.590000000004,0.0,-1,-1,-22635.280000000002,0.14285714285714285
B057,False,5,5,3,178098.37000000002,0.057692307692307696,5,1,139982.25999999998,0.0,5,6,262765.16000000003,0.0,0,-2,-38116.110000000044,-0.057692307692307696,0,5,122782.90000000005,0.0
B058,False,5,5,1,202287.04000000004,0.04,5,3,292770.97,0.03125,4,2,170234.04,0.02912621359223301,0,2,90483.92999999993,-0.00875,-1,-1,-122536.92999999996,-0.0021237864077669893
B059,False,5,4,1,249879.46000000002,0.030303030303030304,4,3,304412.6,0.0,5,6,209801.01999999996,0.09090909090909091,0,2,54533.139999999956,-0.030303030303030304,1,3,-94611.58000000002,0.09090909090909091
B060,False,3,3,0,101335.24,0.0,3,0,108513.31999999999,0.012345679012345678,3,1,80195.99000000002,0.0,0,0,7178.079999999987,0.012345679012345678,0,1,-28317.329999999973,-0.012345679012345678
B061,False,5,5,0,88529.13999999998,0.03225806451612903,5,3,162075.73,0.0,5,6,185592.63,0.07142857142857142,0,3,73546.59000000003,-0.03225806451612903,0,3,23516.899999999994,0.07142857142857142
B062,False,4,4,0,20606.969999999998,0.0,4,1,31728.12,0.0,4,0,20878.739999999998,0.0,0,1,11121.150000000001,0.0,0,-1,-10849.380000000001,0.0
B063,False,7,7,10,641009.8800000001,0.0425531914893617,7,15,643096.4100000001,0.02197802197802198,7,11,611210.53,0.0,0,5,2086.530000000028,-0.02057516951133972,0,-4,-31885.88000000012,-0.02197802197802198
B064,False,3,3,3,59567.93,0.14814814814814814,2,1,126474.84000000001,0.07692307692307693,3,0,148510.97999999998,0.0625,-1,-2,66906.91,-0.07122507122507121,1,-1,22036.13999999997,-0.014423076923076927
B065,False,5,5,4,250453.87999999998,0.02127659574468085,5,2,408221.29,0.0,5,4,228973.53000000003,0.057971014492753624,0,-2,157767.41,-0.02127659574468085,0,2,-179247.75999999995,0.057971014492753624
B066,False,4,3,3,41773.770000000004,0.0,4,3,28241.940000000002,0.0,4,0,15339.68,0.0,1,0,-13531.830000000002,0.0,0,-3,-12902.260000000002,0.0
B067,False,5,5,3,129495.37999999999,0.08064516129032258,5,3,127832.99,0.034482758620689655,5,4,84164.87,0.058823529411764705,0,0,-1662.3899999999849,-0.046162402669632924,0,1,-43668.12000000001,0.02434077079107505
B068,False,6,6,3,169815.79999999996,0.047619047619047616,6,6,176238.13,0.0,6,3,107366.66,0.01639344262295082,0,3,6422.330000000045,-0.047619047619047616,0,-3,-68871.47,0.01639344262295082
B069,False,5,5,1,153027.96,0.03508771929824561,5,6,153172.06999999998,0.02,5,1,153434.31000000003,0.019230769230769232,0,5,144.10999999998603,-0.015087719298245612,0,-5,262.2400000000489,-0.0007692307692307686
B070,False,3,3,3,90973.24,0.058823529411764705,2,1,66051.79,0.07407407407407407,3,0,95698.70000000001,0.03333333333333333,-1,-2,-24921.45000000001,0.015250544662309365,1,-1,29646.910000000018,-0.04074074074074074
B071,False,4,4,1,71072.61,0.030303030303030304,4,0,132955.61000000002,0.0851063829787234,4,6,105547.02999999998,0.0,0,-1,61883.000000000015,0.0548033526756931,0,6,-27408.58000000003,-0.0851063829787234
B072,False,7,7,13,179090.66,0.025210084033613446,6,5,188984.65999999997,0.06818181818181818,7,4,160973.10999999996,0.10344827586206896,-1,-8,9893.99999999997,0.04297173414820473,1,-1,-28011.550000000017,0.03526645768025079
B073,False,5,4,4,475683.33,0.015384615384615385,5,4,646202.21,0.036231884057971016,5,4,567706.52,0.06716417910447761,1,0,170518.87999999995,0.02084726867335563,0,0,-78495.68999999994,0.030932295046506596
B074,False,4,4,1,103212.25000000001,0.014285714285714285,3,2,80643.24999999999,0.07792207792207792,3,0,76314.36,0.12857142857142856,-1,1,-22569.00000000003,0.06363636363636363,0,-2,-4328.889999999985,0.05064935064935064
B075,False,3,3,1,251108.22000000003,0.04285714285714286,3,1,170535.02,0.057971014492753624,3,2,171989.32,0.043478260869565216,0,0,-80573.20000000004,0.015113871635610766,0,1,1454.3000000000175,-0.014492753623188408
B076,False,3,3,3,73369.84000000001,0.0,3,0,79639.11999999998,0.0,3,0,60092.34,0.0,0,-3,6269.27999999997,0.0,0,0,-19546.779999999984,0.0
B077,False,5,5,2,149972.91,0.02857142857142857,5,3,172045.4,0.03125,4,1,110814.12999999999,0.0,0,1,22072.48999999999,0.0026785714285714295,-1,-2,-61231.270000000004,-0.03125
B078,False,4,4,1,73702.20999999998,0.015873015873015872,3,0,38292.55,0.020833333333333332,4,3,77339.01,0.030303030303030304,-1,-1,-35409.659999999974,0.00496031746031746,1,3,39046.45999999999,0.009469696969696972
B079,False,3,3,0,125103.49,0.0,2,0,149902.08,0.0,3,3,145556.79,0.0,-1,0,24798.589999999982,0.0,1,3,-4345.289999999979,0.0
B080,False,3,3,1,54053.21,0.02702702702702703,3,3,46297.42,0.027777777777777776,3,3,31063.88,0.03333333333333333,0,2,-7755.790000000001,0.0007507507507507477,0,0,-15233.539999999997,0.005555555555555557
B081,False,3,3,1,47171.71,0.04878048780487805,2,1,77798.43000000001,0.058823529411764705,3,2,80988.34000000001,0.22,-1,0,30626.72000000001,0.010043041606886655,1,1,3189.9100000000035,0.1611764705882353
B082,False,4,4,0,400215.72000000003,0.0,4,4,561415.35,0.036585365853658534,4,1,420237.19,0.0,0,4,161199.62999999995,0.036585365853658534,0,-3,-141178.15999999997,-0.036585365853658534
B083,False,3,3,0,117047.98,0.0,3,1,119879.13999999998,0.011494252873563218,3,0,80285.49,0.0,0,1,2831.159999999989,0.011494252873563218,0,-1,-39593.64999999998,-0.011494252873563218
B084,False,3,2,0,25166.199999999997,0.0,2,0,3494.4,0.0,2,1,12654.48,0.0,0,0,-21671.799999999996,0.0,0,1,9160.08,0.0
B085,False,4,4,2,402479.3,0.0,4,2,562240.7499999999,0.011494252873563218,4,3,442559.23,0.0,0,0,159761.4499999999,0.011494252873563218,0,1,-119681.5199999999,-0.011494252873563218
B086,False,3,3,3,117769.67000000001,0.01818181818181818,3,1,137445.71999999997,0.0,3,1,93651.58,0.022727272727272728,0,-2,19676.04999999996,-0.01818181818181818,0,0,-43794.13999999997,0.022727272727272728
B087,False,9,8,1,100675.37999999999,0.044444444444444446,8,10,138839.03000000003,0.0,9,28,126588.84999999999,0.0425531914893617,0,9,38163.65000000004,-0.044444444444444446,1,18,-12250.180000000037,0.0425531914893617
B088,False,3,3,1,143076.01,0.02702702702702703,3,1,242139.05,0.08571428571428572,3,0,180512.85,0.15789473684210525,0,0,99063.03999999998,0.05868725868725869,0,-1,-61626.19999999998,0.07218045112781954
B089,False,6,6,3,622674.4600000001,0.07692307692307693,6,3,809349.59,0.03968253968253968,6,4,595474.5599999999,0.04716981132075472,0,0,186675.1299999999,-0.03724053724053725,0,1,-213875.03000000003,0.00748727163821504
B090,False,3,3,1,98655.43,0.0,3,0,109314.67,0.023809523809523808,3,0,73595.9,0.0,0,-1,10659.240000000005,0.023809523809523808,0,0,-35718.770000000004,-0.023809523809523808
B091,False,4,3,1,178906.48000000004,0.0,4,1,142865.24,0.020833333333333332,3,0,180154.66,0.0,1,0,-36041.24000000005,0.020833333333333332,-1,-1,37289.42000000001,-0.020833333333333332
B092,False,6,6,3,51133.03999999999,0.0,6,3,58587.61,0.05555555555555555,6,1,64001.78999999999,0.0,0,0,7454.570000000007,0.05555555555555555,0,-2,5414.179999999993,-0.05555555555555555
B093,False,4,4,4,52479.89,0.0,4,3,80387.35,0.0,4,1,79234.94,0.024390243902439025,0,-1,27907.460000000006,0.0,0,-2,-1152.4100000000035,0.024390243902439025
B094,False,4,3,1,45244.02,0.07142857142857142,4,1,59066.61000000001,0.0,4,1,99368.67,0.0,1,0,13822.590000000011,-0.07142857142857142,0,0,40302.05999999999,0.0
B095,False,8,8,6,160304.43999999997,0.034482758620689655,8,2,139824.89999999997,0.04918032786885246,7,6,160596.53999999998,0.09090909090909091,0,-4,-20479.540000000008,0.014697569248162803,-1,4,20771.640000000014,0.041728763040238454
B096,False,4,3,0,10127.65,0.0,4,3,24743.589999999997,0.0,3,0,9559.93,0.09090909090909091,1,3,14615.939999999997,0.0,-1,-3,-15183.659999999996,0.09090909090909091
B097,False,5,5,4,202238.12000000002,0.05555555555555555,5,4,370417.46,0.0,5,4,141694.6,0.0,0,0,168179.34,-0.05555555555555555,0,0,-228722.86000000002,0.0
B098,False,4,4,3,50413.380000000005,0.0,4,3,52119.31,0.0,4,3,65059.90999999999,0.0,0,0,1705.929999999993,0.0,0,0,12940.599999999991,0.0
B099,False,4,4,2,138624.16000000003,0.04819277108433735,3,0,127080.84999999999,0.024096385542168676,4,2,106749.18,0.0375,-1,-2,-11543.310000000041,-0.024096385542168676,1,2,-20331.67,0.013403614457831323
B100,False,4,4,1,193763.99000000002,0.0,4,0,134952.21,0.02564102564102564,4,4,166071.91999999998,0.0,0,-1,-58811.78000000003,0.02564102564102564,0,4,31119.709999999992,-0.02564102564102564
B101,False,4,4,3,228251.90999999997,0.023529411764705882,4,1,221239.28,0.02857142857142857,4,1,220590.14,0.0,0,-2,-7012.629999999976,0.0050420168067226885,0,0,-649.1399999999849,-0.02857142857142857
B102,False,5,3,0,74050.88,0.023255813953488372,5,3,47563.09,0.0,4,1,57180.759999999995,0.030303030303030304,2,3,-26487.790000000008,-0.023255813953488372,-1,-2,9617.669999999998,0.030303030303030304
B103,False,3,3,2,167770.85,0.01818181818181818,3,2,144291.20000000004,0.0,3,0,166161.94000000003,0.02127659574468085,0,0,-23479.649999999965,-0.01818181818181818,0,-2,21870.73999999999,0.02127659574468085
B104,False,3,2,0,80587.81,0.024390243902439025,3,1,72501.97,0.0,3,1,73842.94,0.03125,1,1,-8085.8399999999965,-0.024390243902439025,0,0,1340.9700000000012,0.03125
B105,False,4,4,3,181451.14000000004,0.07042253521126761,4,0,132002.81,0.029850746268656716,3,0,183613.74,0.02857142857142857,0,-3,-49448.330000000045,-0.04057178894261089,-1,0,51610.92999999999,-0.0012793176972281453
B106,False,5,5,3,85147.41,0.04081632653061224,5,2,55113.07000000001,0.05555555555555555,5,1,95275.64,0.030303030303030304,0,-1,-30034.339999999997,0.01473922902494331,0,-1,40162.56999999999,-0.02525252525252525
B107,False,5,4,3,154046.02000000002,0.0,5,3,176441.16,0.09090909090909091,5,0,128401.32,0.0,1,0,22395.139999999985,0.09090909090909091,0,-3,-48039.84,-0.09090909090909091
B108,False,3,3,3,27976.12,0.0,3,0,22062.79,0.05555555555555555,3,1,45165.5,0.041666666666666664,0,-3,-5913.329999999998,0.05555555555555555,0,1,23102.71,-0.013888888888888888
B109,False,4,4,2,105572.48000000001,0.13043478260869565,3,1,75813.57999999999,0.0,4,2,76356.02,0.0,-1,-1,-29758.900000000023,-0.13043478260869565,1,1,542.4400000000169,0.0
B110,False,5,5,4,618333.3000000002,0.023255813953488372,5,1,412157.07000000007,0.013333333333333334,4,0,520609.93000000005,0.0,0,-3,-206176.2300000001,-0.009922480620155038,-1,-1,108452.85999999999,-0.013333333333333334
B111,False,5,5,1,66430.2,0.0,5,1,160326.11000000004,0.0,5,3,53159.409999999996,0.05555555555555555,0,0,93895.91000000005,0.0,0,2,-107166.70000000004,0.05555555555555555
B112,False,3,3,0,86390.8,0.04,3,3,74641.06999999999,0.15789473684210525,3,0,58734.52,0.0,0,3,-11749.73000000001,0.11789473684210525,0,-3,-15906.549999999996,-0.15789473684210525
B113,False,6,6,5,117836.90000000001,0.0,6,6,108516.06999999999,0.05660377358490566,6,3,146314.5,0.0,0,1,-9320.830000000016,0.05660377358490566,0,-3,37798.43000000001,-0.05660377358490566
B114,False,7,7,12,138057.05000000002,0.014285714285714285,7,4,225388.24,0.038461538461538464,7,13,289233.29999999993,0.010752688172043012,0,-8,87331.18999999997,0.02417582417582418,0,9,63845.05999999994,-0.027708850289495452
B115,False,3,3,3,61608.530000000006,0.0,3,0,22949.76,0.05,3,0,34702.049999999996,0.0,0,-3,-38658.770000000004,0.05,0,0,11752.289999999997,-0.05
B116,False,3,3,3,96778.85999999999,0.05555555555555555,3,1,86401.67000000001,0.05454545454545454,3,3,77569.21,0.0,0,-2,-10377.189999999973,-0.0010101010101010097,0,2,-8832.460000000006,-0.05454545454545454
B117,False,3,3,1,70699.87000000001,0.0,3,0,90961.82,0.06666666666666667,2,1,72852.33,0.0,0,-1,20261.949999999997,0.06666666666666667,-1,1,-18109.490000000005,-0.06666666666666667
B118,False,4,4,3,144923.43,0.0,4,6,196837.08000000002,0.025,4,0,63787.490000000005,0.045454545454545456,0,3,51913.65000000002,0.025,0,-6,-133049.59000000003,0.020454545454545454
B119,False,7,7,12,230846.85000000003,0.03225806451612903,7,5,287051.26,0.017699115044247787,7,7,220993.93,0.02,0,-7,56204.409999999974,-0.014558949471881244,0,2,-66057.33000000002,0.002300884955752213
B120,False,3,3,1,53053.24,0.058823529411764705,3,0,16671.01,0.0,3,0,39987.49,0.0,0,-1,-36382.229999999996,-0.058823529411764705,0,0,23316.48,0.0
B121,False,3,3,0,131113.64,0.023255813953488372,3,0,79173.06,0.0,3,0,107200.19000000002,0.03225806451612903,0,0,-51940.580000000016,-0.023255813953488372,0,0,28027.13000000002,0.03225806451612903
B122,False,6,6,4,811395.4099999999,0.09090909090909091,6,3,651361.52,0.048484848484848485,5,2,651813.75,0.05128205128205128,0,-1,-160033.8899999999,-0.04242424242424243,-1,-1,452.2299999999814,0.0027972027972027955
B123,False,5,5,5,76239.45999999999,0.05263157894736842,5,0,82142.42,0.0,5,2,107477.3,0.0,0,-5,5902.960000000006,-0.05263157894736842,0,2,25334.880000000005,0.0
B124,False,6,5,4,238034.09999999998,0.011904761904761904,6,10,310034.41000000003,0.028846153846153848,6,4,158236.15000000002,0.0,1,6,72000.31000000006,0.016941391941391944,0,-6,-151798.26,-0.028846153846153848
B125,False,4,4,3,64087.73,0.08,4,0,80522.48000000001,0.05555555555555555,4,1,39495.05,0.0,0,-3,16434.750000000007,-0.02444444444444445,0,1,-41027.43000000001,-0.05555555555555555
B126,False,4,4,1,328497.67000000004,0.12121212121212122,4,1,328510.26999999996,0.07575757575757576,4,3,231369.73,0.08955223880597014,0,0,12.59999999991851,-0.045454545454545456,0,2,-97140.53999999995,0.013794663048394384
B127,False,4,4,1,55814.64,0.09523809523809523,4,0,141208.89,0.0,4,3,172690.21000000002,0.015384615384615385,0,-1,85394.25000000001,-0.09523809523809523,0,3,31481.320000000007,0.015384615384615385
B128,False,4,3,3,40408.780000000006,0.022727272727272728,4,6,35762.659999999996,0.0,3,3,35069.479999999996,0.046511627906976744,1,3,-4646.12000000001,-0.022727272727272728,-1,-3,-693.1800000000003,0.046511627906976744
B129,False,4,4,4,108776.57,0.022222222222222223,4,1,39556.399999999994,0.037037037037037035,4,1,101359.29,0.0,0,-3,-69220.17000000001,0.014814814814814812,0,0,61802.89,-0.037037037037037035
B130,False,7,7,3,398964.41000000003,0.036585365853658534,6,2,548513.2,0.0125,7,4,417140.35,0.05405405405405406,-1,-1,149548.78999999992,-0.024085365853658534,1,2,-131372.84999999998,0.04155405405405406
B131,False,3,2,0,154961.70999999996,0.04477611940298507,3,0,107663.8,0.03225806451612903,3,1,139591.41000000003,0.0,1,0,-47297.90999999996,-0.01251805488685604,0,1,31927.61000000003,-0.03225806451612903
B132,False,3,3,1,53738.14000000001,0.06666666666666667,3,3,65741.48000000001,0.05,2,0,30751.260000000002,0.125,0,2,12003.340000000004,-0.016666666666666663,-1,-3,-34990.22000000001,0.075
B133,False,4,4,2,132892.21,0.016260162601626018,4,2,134865.78,0.045454545454545456,4,1,146811.85000000003,0.07913669064748201,0,0,1973.570000000007,0.029194382852919438,0,-1,11946.070000000036,0.03368214519293655
B134,False,3,3,1,87238.75999999998,0.0,3,0,68487.15,0.0,3,0,104415.87,0.0,0,-1,-18751.609999999986,0.0,0,0,35928.72,0.0
B135,False,5,5,1,204010.78000000003,0.014285714285714285,5,3,256840.60999999996,0.0,5,1,183271.62000000002,0.014925373134328358,0,2,52829.82999999993,-0.014285714285714285,0,-2,-73568.98999999993,0.014925373134328358
B136,False,4,4,1,103648.93000000001,0.06060606060606061,4,0,96097.74,0.0,4,3,132772.01,0.0625,0,-1,-7551.190000000002,-0.06060606060606061,0,3,36674.270000000004,0.0625
B137,False,3,3,0,48835.5,0.04878048780487805,3,0,54475.1,0.05660377358490566,3,1,41976.329999999994,0.2391304347826087,0,0,5639.5999999999985,0.007823285780027611,0,1,-12498.770000000004,0.18252666119770306
B138,False,3,3,3,205634.58,0.01694915254237288,3,3,153933.12,0.023255813953488372,3,0,149970.34,0.0,0,0,-51701.45999999999,0.0063066614111154905,0,-3,-3962.779999999999,-0.023255813953488372
B139,False,4,4,4,71222.9,0.0410958904109589,4,1,68714.17000000001,0.027777777777777776,3,0,97970.45,0.03614457831325301,0,-3,-2508.7299999999814,-0.013318112633181126,-1,-1,29256.279999999984,0.008366800535475234
B140,False,3,3,0,49139.44,0.0,3,1,117142.53,0.043478260869565216,3,3,122125.83999999998,0.0,0,1,68003.09,0.043478260869565216,0,2,4983.309999999983,-0.043478260869565216
B141,False,4,4,1,141083.35,0.02702702702702703,4,1,164294.07,0.0,4,0,128830.15,0.0,0,0,23210.72,-0.02702702702702703,0,-1,-35463.92000000001,0.0
B142,False,5,5,7,121676.06999999999,0.022222222222222223,5,1,89569.86000000002,0.0,5,1,121122.43000000001,0.021739130434782608,0,-6,-32106.209999999977,-0.022222222222222223,0,0,31552.569999999992,0.021739130434782608
B143,False,3,3,3,208601.66,0.027777777777777776,3,2,409043.68,0.011363636363636364,3,2,247201.2,0.0273972602739726,0,-1,200442.02,-0.016414141414141412,0,0,-161842.47999999998,0.016033623910336237
B144,False,6,6,7,210713.59,0.03409090909090909,5,3,175082.01,0.024096385542168676,5,2,189885.03,0.02631578947368421,-1,-4,-35631.57999999999,-0.009994523548740412,0,-1,14803.01999999999,0.002219403931515533
B145,False,4,3,0,82666.32,0.047619047619047616,4,0,185494.9,0.0,4,3,86669.17,0.013888888888888888,1,0,102828.57999999999,-0.047619047619047616,0,3,-98825.73,0.013888888888888888
B146,False,6,6,1,79332.72999999998,0.05263157894736842,6,3,82937.98,0.01694915254237288,6,3,152962.91,0.04,0,2,3605.2500000000146,-0.03568242640499554,0,0,70024.93000000001,0.02305084745762712
B147,False,6,6,7,36200.060000000005,0.024390243902439025,5,2,50583.97,0.020833333333333332,6,6,59754.590000000004,0.017241379310344827,-1,-5,14383.909999999996,-0.003556910569105693,1,4,9170.620000000003,-0.003591954022988505
B148,False,14,13,11,225940.8,0.020833333333333332,11,17,214050.52,0.0,13,36,191725.06999999998,0.011627906976744186,-2,6,-11890.279999999999,-0.020833333333333332,2,19,-22325.45000000001,0.011627906976744186
B149,False,7,7,4,250762.53,0.046875,7,2,287863.64,0.014285714285714285,6,2,315427.8500000001,0.0,0,-2,37101.110000000015,-0.032589285714285716,-1,0,27564.21000000008,-0.014285714285714285
B150,False,5,5,1,241993.50999999998,0.0,5,1,263046.04000000004,0.02564102564102564,5,1,285698.88000000006,0.012048192771084338,0,0,21052.530000000057,0.02564102564102564,0,0,22652.840000000026,-0.013592832869941302
B151,False,5,5,4,145956.27000000002,0.10204081632653061,4,2,51618.82,0.16666666666666666,5,10,92929.95999999999,0.04081632653061224,-1,-2,-94337.45000000001,0.06462585034013604,1,8,41311.13999999999,-0.12585034013605442
B152,False,3,3,1,64668.74,0.05263157894736842,3,1,132619.88,0.09836065573770492,2,0,55702.71000000001,0.0,0,0,67951.14000000001,0.0457290767903365,-1,-1,-76917.17,-0.09836065573770492
B153,False,3,3,2,120179.01999999999,0.07608695652173914,3,0,129826.83,0.024793388429752067,3,0,108164.38,0.1346153846153846,0,-2,9647.810000000012,-0.05129356809198707,0,0,-21662.449999999997,0.10982199618563254
B154,False,3,3,3,141489.38999999998,0.0,3,1,104239.42000000001,0.04,3,1,121682.57,0.03571428571428571,0,-2,-37249.96999999997,0.04,0,0,17443.149999999994,-0.0042857142857142885
B155,False,4,4,0,22258.500000000004,0.05263157894736842,4,0,34586.409999999996,0.037037037037037035,4,1,42907.26000000001,0.0,0,0,12327.909999999993,-0.015594541910331383,0,1,8320.850000000013,-0.037037037037037035
B156,False,5,5,6,113055.89,0.07407407407407407,4,0,57632.06,0.030303030303030304,5,1,105486.61,0.0,-1,-6,-55423.83,-0.043771043771043766,1,1,47854.55,-0.030303030303030304
B157,False,3,3,3,62184.950000000004,0.075,3,1,50909.89,0.0,3,1,38372.24999999999,0.023255813953488372,0,-2,-11275.060000000005,-0.075,0,0,-12537.640000000007,0.023255813953488372
B158,False,4,4,1,401195.2,0.013513513513513514,4,3,573637.1699999999,0.01282051282051282,4,1,423618.75,0.0,0,2,172441.9699999999,-0.0006930006930006942,0,-2,-150018.41999999993,-0.01282051282051282
B159,False,4,4,0,70356.24,0.0,4,1,75217.48,0.0,4,3,63430.49000000001,0.05714285714285714,0,1,4861.239999999991,0.0,0,2,-11786.989999999983,0.05714285714285714
B160,False,7,7,4,121790.59,0.03508771929824561,7,10,120922.66,0.0,7,3,100547.76000000001,0.044444444444444446,0,6,-867.929999999993,-0.03508771929824561,0,-7,-20374.899999999994,0.044444444444444446
B161,False,3,3,1,97700.25,0.06896551724137931,3,0,53148.87,0.041666666666666664,3,1,43692.219999999994,0.0,0,-1,-44551.38,-0.027298850574712645,0,1,-9456.650000000009,-0.041666666666666664
B162,False,3,2,0,539166.97,0.03333333333333333,3,0,317904.55,0.01818181818181818,3,0,422517.29,0.017857142857142856,1,0,-221262.41999999998,-0.015151515151515152,0,0,104612.73999999999,-0.0003246753246753248
B163,False,6,6,6,204783.25,0.037037037037037035,5,1,138157.94,0.05714285714285714,6,6,224468.33,0.014285714285714285,-1,-5,-66625.31,0.020105820105820106,1,5,86310.38999999998,-0.04285714285714286
B164,False,3,3,0,157922.04,0.023255813953488372,3,1,56854.759999999995,0.12,3,0,112209.93000000001,0.0,0,1,-101067.28000000001,0.09674418604651162,0,-1,55355.17000000001,-0.12
B165,False,4,4,2,326561.93,0.09090909090909091,4,1,295463.07999999996,0.05813953488372093,4,1,240980.71999999997,0.0759493670886076,0,-1,-31098.850000000035,-0.03276955602536998,0,0,-54482.359999999986,0.017809832204886668
B166,False,4,4,4,161956.04,0.03508771929824561,4,1,152539.4,0.0684931506849315,4,0,136357.46,0.014925373134328358,0,-3,-9416.640000000014,0.03340543138668589,0,-1,-16181.940000000002,-0.05356777755060314
B167,False,5,5,0,232621.88,0.04807692307692308,4,4,180208.42,0.009708737864077669,3,0,186988.20000000004,0.030927835051546393,-1,4,-52413.45999999999,-0.03836818521284541,-1,-4,6779.780000000028,0.021219097187468724
B168,False,7,7,6,138780.24000000002,0.06451612903225806,6,3,120834.18,0.08235294117647059,7,10,142071.47999999998,0.1276595744680851,-1,-3,-17946.060000000027,0.017836812144212524,1,7,21237.29999999999,0.04530663329161451
B169,False,3,3,1,23948.55,0.0,3,3,43466.520000000004,0.05555555555555555,3,1,47220.75,0.0,0,2,19517.970000000005,0.05555555555555555,0,-2,3754.229999999996,-0.05555555555555555
B170,False,4,4,3,90776.48,0.06382978723404255,4,1,73323.73,0.0,4,1,64110.51000000001,0.0425531914893617,0,-2,-17452.75,-0.06382978723404255,0,0,-9213.219999999987,0.0425531914893617
B171,False,4,4,3,137635.22,0.0625,4,1,125185.87,0.05714285714285714,4,3,122596.70000000001,0.0,0,-2,-12449.350000000006,-0.005357142857142859,0,2,-2589.1699999999837,-0.05714285714285714
B172,False,7,6,4,370277.53,0.0761904761904762,7,8,422397.44999999995,0.05405405405405406,6,1,256210.08000000002,0.08888888888888889,1,4,52119.919999999925,-0.02213642213642214,-1,-7,-166187.36999999994,0.034834834834834835
B173,False,5,5,6,123216.06000000001,0.05714285714285714,5,6,115615.86,0.0,5,4,207627.8,0.02631578947368421,0,0,-7600.200000000012,-0.05714285714285714,0,-2,92011.93999999999,0.02631578947368421
B174,False,6,5,1,54414.88,0.08823529411764706,6,3,52748.39,0.0,5,10,46922.490000000005,0.027777777777777776,1,2,-1666.489999999998,-0.08823529411764706,-1,7,-5825.899999999994,0.027777777777777776
B175,False,4,3,1,28492.51,0.058823529411764705,4,1,27753.989999999998,0.0,3,1,27973.56,0.0,1,0,-738.5200000000004,-0.058823529411764705,-1,0,219.57000000000335,0.0
B176,False,4,4,1,138846.50999999998,0.016129032258064516,4,0,149168.44,0.07142857142857142,4,3,159826.34999999998,0.0,0,-1,10321.930000000022,0.05529953917050691,0,3,10657.909999999974,-0.07142857142857142
B177,False,3,3,0,494692.05,0.05454545454545454,3,0,336709.97,0.0196078431372549,2,1,461144.02,0.0,0,0,-157982.08000000002,-0.03493761140819964,-1,1,124434.05000000005,-0.0196078431372549
B178,False,6,6,4,197457.53,0.031914893617021274,6,3,270874.47000000003,0.0,6,0,162341.97,0.054945054945054944,0,-1,73416.94000000003,-0.031914893617021274,0,-3,-108532.50000000003,0.054945054945054944
B179,False,8,8,15,165640.02,0.0,8,6,177881.61,0.07777777777777778,8,8,131652.33,0.015873015873015872,0,-9,12241.589999999997,0.07777777777777778,0,2,-46229.28,-0.06190476190476191
B180,False,6,6,3,174387.39,0.04827586206896552,6,2,187370.47999999998,0.006993006993006993,5,1,139966.37999999998,0.007633587786259542,0,-1,12983.089999999967,-0.041282855075958524,-1,-1,-47404.100000000006,0.0006405807932525487
B181,False,6,5,6,83937.29999999999,0.0,6,3,47755.58,0.0,6,0,39199.99,0.06896551724137931,1,-3,-36181.71999999999,0.0,0,-3,-8555.590000000004,0.06896551724137931
B182,False,3,3,0,78283.19,0.019230769230769232,2,0,36095.95999999999,0.029411764705882353,3,0,64928.090000000004,0.043478260869565216,-1,0,-42187.23000000001,0.01018099547511312,1,0,28832.130000000012,0.014066496163682864
B183,False,7,6,3,230820.14,0.023529411764705882,7,10,182583.22,0.037037037037037035,7,7,268704.96,0.022727272727272728,1,7,-48236.92000000001,0.013507625272331153,0,-3,86121.74000000002,-0.014309764309764307
B184,False,5,4,0,50741.58000000001,0.047619047619047616,5,0,65204.53,0.0,5,3,86117.19,0.0,1,0,14462.94999999999,-0.047619047619047616,0,3,20912.660000000003,0.0
B185,False,3,3,0,37791.270000000004,0.05263157894736842,3,3,56250.81999999999,0.037037037037037035,3,0,78917.68999999999,0.0,0,3,18459.54999999999,-0.015594541910331383,0,-3,22666.869999999995,-0.037037037037037035
B186,False,3,3,1,95131.02,0.07547169811320754,3,1,112165.97,0.018518518518518517,3,2,84912.69,0.0,0,0,17034.949999999997,-0.05695317959468903,0,1,-27253.28,-0.018518518518518517
B187,False,3,2,0,59921.05,0.0,3,0,92187.56,0.0625,3,3,79105.23,0.0,1,0,32266.509999999995,0.0625,0,3,-13082.330000000002,-0.0625
B188,False,8,7,8,107728.64,0.02564102564102564,8,10,81474.01000000001,0.07692307692307693,6,4,33270.8,0.037037037037037035,1,2,-26254.62999999999,0.05128205128205129,-2,-6,-48203.21000000001,-0.03988603988603989
B189,False,3,2,1,55905.810000000005,0.03571428571428571,3,1,44605.619999999995,0.0,2,0,36752.420000000006,0.05,1,0,-11300.19000000001,-0.03571428571428571,-1,-1,-7853.19999999999,0.05
B190,False,3,3,0,188598.89,0.025,3,0,283819.36,0.0,3,0,173202.27000000002,0.09375,0,0,95220.46999999997,-0.025,0,0,-110617.08999999997,0.09375
B191,False,4,3,3,462217.36,0.05263157894736842,4,3,585507.6499999999,0.0,4,1,417416.11,0.016666666666666666,1,0,123290.28999999992,-0.05263157894736842,0,-2,-168091.53999999992,0.016666666666666666
B192,False,4,3,0,25069.420000000002,0.058823529411764705,3,2,20387.380000000005,0.0,4,1,55345.12,0.0,0,2,-4682.039999999997,-0.058823529411764705,1,-1,34957.74,0.0
B193,False,3,3,3,410367.32000000007,0.0,3,0,564777.17,0.0,3,1,428296.85,0.015625,0,-3,154409.84999999998,0.0,0,1,-136480.32000000007,0.015625
B194,False,3,3,3,98508.99999999999,0.05263157894736842,3,0,146511.37999999998,0.034482758620689655,3,3,100239.06999999999,0.0,0,-3,48002.37999999999,-0.018148820326678763,0,3,-46272.30999999998,-0.034482758620689655
B195,False,4,4,4,37524.969999999994,0.0,4,1,64132.77999999999,0.07692307692307693,4,0,38620.93000000001,0.0,0,-3,26607.809999999998,0.07692307692307693,0,-1,-25511.849999999984,-0.07692307692307693
B196,False,4,4,1,267009.21,0.049019607843137254,4,6,282419.11,0.05555555555555555,4,2,338638.9499999999,0.0,0,5,15409.899999999965,0.006535947712418298,0,-4,56219.83999999991,-0.05555555555555555
B197,False,7,7,2,684904.8,0.04794520547945205,6,3,922867.31,0.032679738562091505,7,3,629673.4000000001,0.03875968992248062,-1,1,237962.51,-0.015265466917360547,1,0,-293193.9099999999,0.0060799513603891145
B198,False,12,11,36,468658.03,0.03260869565217391,11,18,430810.0200000001,0.0,12,22,446679.82999999996,0.023809523809523808,0,-18,-37848.00999999995,-0.03260869565217391,1,4,15869.809999999881,0.023809523809523808
B199,False,6,5,2,239120.49,0.031914893617021274,6,1,245431.41999999998,0.03529411764705882,6,10,206374.11,0.0,1,-1,6310.929999999993,0.003379224030037549,0,9,-39057.31,-0.03529411764705882
B200,False,6,6,4,72477.89,0.1111111111111111,5,1,65315.13,0.0,5,1,96876.27999999998,0.0,-1,-3,-7162.760000000002,-0.1111111111111111,0,0,31561.149999999987,0.0
B201,False,4,4,3,494172.8900000001,0.037037037037037035,4,0,330261.88999999996,0.013333333333333334,4,1,423066.56999999995,0.02564102564102564,0,-3,-163911.00000000012,-0.0237037037037037,0,1,92804.68,0.012307692307692306
B202,False,3,3,1,94641.98,0.07142857142857142,3,0,89330.99,0.0,3,0,95064.75,0.038461538461538464,0,-1,-5310.989999999991,-0.07142857142857142,0,0,5733.759999999995,0.038461538461538464
B203,False,3,3,0,55725.009999999995,0.0,3,0,43174.24999999999,0.0,3,1,40180.75000000001,0.14285714285714285,0,0,-12550.760000000002,0.0,0,1,-2993.4999999999854,0.14285714285714285
B204,False,4,4,2,500171.15,0.036036036036036036,4,6,646220.0700000001,0.02608695652173913,4,1,456729.12,0.11702127659574468,0,4,146048.92000000004,-0.009949079514296907,0,-5,-189490.95000000007,0.09093432007400555
B205,False,3,3,3,60891.19,0.0,3,0,80068.39,0.0,2,0,98108.81,0.0,0,-3,19177.199999999997,0.0,-1,0,18040.42,0.0
B206,False,4,4,6,163848.83000000002,0.02040816326530612,4,0,251114.12,0.03225806451612903,4,1,172276.28000000006,0.06451612903225806,0,-6,87265.28999999998,0.01184990125082291,0,1,-78837.83999999994,0.03225806451612903
B207,False,9,8,14,274271.64999999997,0.06666666666666667,9,4,263514.37,0.013888888888888888,9,10,444093.83999999997,0.023668639053254437,1,-10,-10757.27999999997,-0.05277777777777778,0,6,180579.46999999997,0.00977975016436555
B208,False,5,5,1,65201.13999999999,0.043478260869565216,5,1,47949.48,0.07407407407407407,5,1,47860.33,0.21153846153846154,0,0,-17251.65999999999,0.030595813204508854,0,0,-89.15000000000146,0.13746438746438747
B209,False,8,8,6,175317.43999999997,0.043478260869565216,8,16,262471.35,0.03076923076923077,8,6,302145.12,0.0,0,10,87153.91,-0.012709030100334445,0,-10,39673.77000000002,-0.03076923076923077
B210,False,5,5,2,106713.54000000001,0.05263157894736842,4,1,153744.69,0.02857142857142857,4,0,86934.44,0.0,-1,-1,47031.149999999994,-0.024060150375939848,0,-1,-66810.25,-0.02857142857142857
B211,False,7,7,8,210515.23,0.025157232704402517,6,3,259595.55999999997,0.03225806451612903,6,4,236432.21999999997,0.03067484662576687,-1,-5,49080.32999999996,0.007100831811726514,0,1,-23163.339999999997,-0.0015832178903621603
B212,False,7,7,8,81423.15000000001,0.02857142857142857,7,1,84507.81,0.058823529411764705,7,4,48515.33,0.0,0,-7,3084.659999999989,0.030252100840336135,0,3,-35992.479999999996,-0.058823529411764705
B213,False,7,7,6,118908.45999999999,0.0967741935483871,6,6,102569.31,0.0,6,10,127317.01000000002,0.0,-1,0,-16339.149999999994,-0.0967741935483871,0,4,24747.700000000026,0.0
B214,False,5,5,6,124428.63,0.0625,5,3,171485.63999999998,0.08888888888888889,5,2,95695.40999999999,0.034482758620689655,0,-3,47057.00999999998,0.026388888888888892,0,-1,-75790.23,-0.05440613026819924
B215,False,4,4,0,111600.98999999999,0.0,3,0,87198.7,0.13333333333333333,4,3,58652.240000000005,0.0,-1,0,-24402.289999999994,0.13333333333333333,1,3,-28546.459999999992,-0.13333333333333333
B216,False,3,3,1,61471.2,0.0625,3,1,40126.67,0.0,3,0,22072.75,0.1111111111111111,0,0,-21344.53,-0.0625,0,-1,-18053.92,0.1111111111111111
B217,False,3,3,0,87230.76000000001,0.027777777777777776,3,3,96270.54999999999,0.05952380952380952,3,0,105940.14,0.10465116279069768,0,3,9039.789999999979,0.031746031746031744,0,-3,9669.590000000011,0.04512735326688816
B218,False,3,3,1,146613.81,0.03333333333333333,3,0,128352.24,0.011494252873563218,3,1,95003.32,0.012195121951219513,0,-1,-18261.569999999992,-0.021839080459770115,0,1,-33348.92,0.0007008690776562944
B219,False,3,3,0,50828.66,0.0,3,1,67368.45,0.037037037037037035,3,1,24844.18,0.045454545454545456,0,1,16539.789999999994,0.037037037037037035,0,0,-42524.27,0.00841750841750842
B220,False,5,4,2,50144.87,0.0,4,1,42774.16,0.0,5,3,93283.90999999999,0.0,0,-1,-7370.709999999999,0.0,1,2,50509.749999999985,0.0
B221,False,8,8,11,429200.12,0.03125,8,6,558841.29,0.018292682926829267,8,5,442807.81000000006,0.013157894736842105,0,-5,129641.17000000004,-0.012957317073170733,0,-1,-116033.47999999998,-0.005134788189987163
B222,False,4,4,0,125392.37,0.0,4,3,147008.23,0.008620689655172414,4,1,133387.76,0.0,0,3,21615.860000000015,0.008620689655172414,0,-2,-13620.470000000001,-0.008620689655172414
B223,False,5,5,3,264541.6,0.023255813953488372,5,3,287099.28,0.06521739130434782,5,3,143676.80000000002,0.027777777777777776,0,0,22557.68000000005,0.04196157735085945,0,0,-143422.48,-0.03743961352657005
B224,False,3,2,1,113816.21,0.0,3,0,118908.12,0.011764705882352941,3,0,103167.11000000003,0.0,1,-1,5091.909999999989,0.011764705882352941,0,0,-15741.009999999966,-0.011764705882352941
B225,False,3,3,1,74405.05,0.09090909090909091,3,3,92357.23000000001,0.0625,3,1,107820.54000000001,0.0,0,2,17952.180000000008,-0.02840909090909091,0,-2,15463.309999999998,-0.0625
B226,False,6,6,3,112865.13,0.08256880733944955,6,8,134487.31,0.036231884057971016,4,1,134136.24,0.11666666666666667,0,5,21622.179999999993,-0.04633692328147853,-2,-7,-351.070000000007,0.08043478260869566
B227,False,6,6,7,242655.93,0.030534351145038167,6,7,209945.53,0.04827586206896552,6,4,234396.55,0.0763888888888889,0,0,-32710.399999999994,0.01774151092392735,0,-3,24451.01999999999,0.02811302681992338
B228,False,4,4,3,27205.739999999998,0.0,3,3,41299.759999999995,0.058823529411764705,3,1,24051.120000000003,0.0,-1,0,14094.019999999997,0.058823529411764705,0,-2,-17248.639999999992,-0.058823529411764705
B229,False,5,5,4,34686.46,0.06666666666666667,5,1,42591.05,0.043478260869565216,4,3,32630.56,0.0,0,-3,7904.590000000004,-0.02318840579710145,-1,2,-9960.490000000002,-0.043478260869565216
B230,False,3,3,3,52567.36000000001,0.09090909090909091,3,0,214403.81,0.0,2,0,67048.63,0.0,0,-3,161836.44999999998,-0.09090909090909091,-1,0,-147355.18,0.0
B231,False,5,5,4,188502.7,0.018867924528301886,5,3,256253.57,0.0,5,1,120964.22999999998,0.0,0,-1,67750.87,-0.018867924528301886,0,-2,-135289.34000000003,0.0
B232,False,4,4,3,46920.799999999996,0.0,4,4,31296.949999999997,0.14285714285714285,4,0,31317.950000000004,0.058823529411764705,0,1,-15623.849999999999,0.14285714285714285,0,-4,21.000000000007276,-0.08403361344537814
B233,False,7,7,5,147836.94999999998,0.1326530612244898,7,7,163624.7,0.02459016393442623,7,5,136914.93,0.038834951456310676,0,2,15787.75000000003,-0.10806289729006358,0,-2,-26709.77000000002,0.014244787521884447
B234,False,4,3,1,71085.13,0.0,4,0,43676.979999999996,0.0,4,0,43366.84,0.0,1,-1,-27408.15000000001,0.0,0,0,-310.1399999999994,0.0
B235,False,7,6,15,137221.3,0.022727272727272728,6,6,309216.7299999999,0.0,7,3,167671.97,0.0,0,-9,171995.42999999993,-0.022727272727272728,1,-3,-141544.75999999992,0.0
B236,False,3,3,1,81245.13,0.04918032786885246,3,0,89700.52,0.04411764705882353,3,1,108837.31,0.0410958904109589,0,-1,8455.39,-0.005062680810028926,0,1,19136.789999999994,-0.0030217566478646304
B237,False,3,3,1,70708.8,0.045454545454545456,3,0,50731.18,0.0,3,1,97883.9,0.0,0,-1,-19977.620000000003,-0.045454545454545456,0,1,47152.719999999994,0.0
B238,False,4,4,2,64424.79,0.02702702702702703,4,1,46002.65,0.0,4,3,50744.450000000004,0.03125,0,-1,-18422.14,-0.02702702702702703,0,2,4741.800000000003,0.03125
B239,False,3,3,1,79688.08,0.07894736842105263,3,1,70899.26,0.029411764705882353,2,0,55690.619999999995,0.0,0,0,-8788.820000000007,-0.049535603715170275,-1,-1,-15208.64,-0.029411764705882353
B240,False,5,5,0,94449.67000000001,0.0,5,6,122912.56,0.04081632653061224,4,2,72993.59,0.0,0,6,28462.889999999985,0.04081632653061224,-1,-4,-49918.97,-0.04081632653061224
B241,False,4,4,6,567451.26,0.04316546762589928,4,0,758950.64,0.006097560975609756,4,2,566157.12,0.021897810218978103,0,-6,191499.38,-0.03706790665028953,0,2,-192793.52000000002,0.01580024924336835
B242,False,5,5,2,87824.77,0.05405405405405406,5,2,164039.06,0.07575757575757576,5,7,72039.37,0.0,0,0,76214.29,0.021703521703521703,0,5,-91999.69,-0.07575757575757576
B243,False,7,7,2,455125.0,0.025974025974025976,7,4,652350.04,0.011363636363636364,6,10,420726.87999999995,0.016129032258064516,0,2,197225.04000000004,-0.014610389610389612,-1,6,-231623.1600000001,0.004765395894428152
B244,False,4,4,1,91657.86,0.0,4,1,152569.64,0.020833333333333332,4,2,215796.08000000005,0.018867924528301886,0,0,60911.78000000001,0.020833333333333332,0,1,63226.44000000003,-0.001965408805031446
B245,False,6,6,3,80734.84000000001,0.0,6,1,61451.44,0.0625,6,3,48936.83,0.0,0,-2,-19283.40000000001,0.0625,0,2,-12514.61,-0.0625
B246,False,5,5,4,202022.12,0.0625,5,1,192823.97,0.033112582781456956,5,3,184169.59999999998,0.03787878787878788,0,-3,-9198.149999999994,-0.029387417218543044,0,2,-8654.370000000024,0.004766205097330924
B247,False,3,3,0,67972.06000000001,0.041666666666666664,3,1,34015.10999999999,0.03225806451612903,3,0,46279.11,0.0,0,1,-33956.95000000002,-0.009408602150537633,0,-1,12264.000000000007,-0.03225806451612903
B248,False,6,6,10,96232.62000000001,0.058823529411764705,6,2,113054.20000000001,0.09375,5,1,175964.90999999997,0.0,0,-8,16821.58,0.034926470588235295,-1,-1,62910.70999999996,-0.09375
B249,False,10,9,16,191369.79,0.03225806451612903,9,11,178021.68,0.031007751937984496,10,16,188074.68,0.022222222222222223,0,-5,-13348.110000000015,-0.0012503125781445357,1,5,10053.0,-0.008785529715762273
B250,False,4,4,1,197295.03000000003,0.02040816326530612,4,1,312872.67,0.04854368932038835,4,2,228498.25000000003,0.11702127659574468,0,0,115577.63999999996,0.028135526055082228,0,1,-84374.41999999995,0.06847758727535633
B251,False,6,5,4,162847.66,0.04,6,3,147771.20000000004,0.0,6,7,131960.16999999998,0.030303030303030304,1,-1,-15076.459999999963,-0.04,0,4,-15811.030000000057,0.030303030303030304
B252,False,3,3,0,38958.69,0.2222222222222222,2,0,5740.01,0.0,3,1,22439.04,0.09090909090909091,-1,0,-33218.68,-0.2222222222222222,1,1,16699.03,0.09090909090909091
B253,False,4,4,4,125408.47000000002,0.0,4,3,41026.119999999995,0.0,4,1,77798.24000000002,0.023255813953488372,0,-1,-84382.35000000002,0.0,0,-2,36772.120000000024,0.023255813953488372
B254,False,5,5,2,211791.59,0.009615384615384616,4,0,255165.03999999998,0.008849557522123894,5,3,211412.64999999997,0.0,-1,-2,43373.44999999998,-0.0007658270932607222,1,3,-43752.390000000014,-0.008849557522123894
B255,False,4,4,3,112185.71,0.038461538461538464,3,0,72579.82999999999,0.0,4,0,120515.84000000001,0.023809523809523808,-1,-3,-39605.88000000002,-0.038461538461538464,1,0,47936.010000000024,0.023809523809523808
B256,False,4,3,1,26394.620000000003,0.05555555555555555,4,1,30907.44,0.0,4,3,56530.60999999999,0.0,1,0,4512.819999999996,-0.05555555555555555,0,2,25623.169999999995,0.0
B257,False,8,8,3,70087.09,0.0,8,6,63144.72,0.06451612903225806,8,6,55777.880000000005,0.027777777777777776,0,3,-6942.369999999995,0.06451612903225806,0,0,-7366.8399999999965,-0.036738351254480286
B258,False,4,4,1,99259.06000000001,0.0,4,4,71407.55,0.0,4,0,52913.100000000006,0.0,0,3,-27851.51000000001,0.0,0,-4,-18494.449999999997,0.0
B259,False,5,5,2,153854.13,0.021739130434782608,5,3,207821.82,0.06060606060606061,5,4,121783.22999999998,0.10465116279069768,0,1,53967.69,0.038866930171278,0,1,-86038.59000000003,0.04404510218463707
B260,False,4,4,1,62589.28999999999,0.0,4,3,50366.66000000001,0.0,4,1,39110.200000000004,0.05555555555555555,0,2,-12222.629999999983,0.0,0,-2,-11256.460000000006,0.05555555555555555
B261,False,4,4,0,47659.05,0.06896551724137931,4,3,46295.17000000001,0.0,4,0,53560.12,0.041666666666666664,0,3,-1363.87999999999,-0.06896551724137931,0,-3,7264.94999999999,0.041666666666666664
B262,False,3,3,0,18745.059999999998,0.0,3,1,19442.399999999998,0.05,3,0,22236.429999999997,0.0,0,1,697.3400000000001,0.05,0,-1,2794.029999999999,-0.05
B263,False,4,4,3,251879.35000000003,0.037037037037037035,4,1,209646.35,0.07462686567164178,4,3,148306.67,0.19298245614035087,0,-2,-42233.00000000003,0.03758982863460475,0,2,-61339.67999999999,0.11835559046870908
B264,False,12,12,16,245552.62000000002,0.03529411764705882,11,22,310860.38,0.03529411764705882,10,21,181364.02,0.02666666666666667,-1,6,65307.75999999998,0.0,-1,-1,-129496.36000000002,-0.008627450980392155
B265,False,5,5,5,205699.44999999995,0.010309278350515464,5,3,252187.68,0.04424778761061947,5,4,196449.7,0.08653846153846154,0,-2,46488.23000000004,0.033938509260104006,0,1,-55737.97999999998,0.04229067392784207
B266,False,3,3,1,98593.99,0.09523809523809523,3,2,37380.69,0.0,3,1,85829.31,0.045454545454545456,0,1,-61213.3,-0.09523809523809523,0,-1,48448.619999999995,0.045454545454545456
B267,False,5,4,1,90978.06999999999,0.02631578947368421,4,1,76374.56999999999,0.0641025641025641,5,6,95984.29999999999,0.1348314606741573,0,0,-14603.5,0.03778677462887989,1,5,19609.729999999996,0.0707288965715932
B268,False,12,11,16,254674.16000000003,0.04672897196261682,12,30,322119.38,0.0,11,11,159588.96,0.0,1,14,67445.21999999997,-0.04672897196261682,-1,-19,-162530.42,0.0
B269,False,6,6,3,72815.68000000001,0.01639344262295082,5,3,39432.09,0.05,5,1,46838.64,0.0,-1,0,-33383.59000000001,0.03360655737704918,0,-2,7406.550000000003,-0.05
B270,False,3,2,0,35725.49,0.0,2,1,94920.01999999999,0.09090909090909091,3,0,38162.15,0.0,0,1,59194.52999999999,0.09090909090909091,1,-1,-56757.86999999999,-0.09090909090909091
B271,False,7,6,6,98226.30999999998,0.057692307692307696,7,11,115623.81000000001,0.04081632653061224,7,4,75498.34999999999,0.0,1,5,17397.50000000003,-0.016875981161695454,0,-7,-40125.46000000002,-0.04081632653061224
B272,False,3,3,1,144121.71,0.07575757575757576,3,2,159116.96,0.0,3,1,144257.83,0.039473684210526314,0,1,14995.25,-0.07575757575757576,0,-1,-14859.130000000005,0.039473684210526314
B273,False,6,6,7,203866.32,0.07526881720430108,6,3,154777.90999999997,0.042105263157894736,6,4,163258.4,0.052083333333333336,0,-4,-49088.41000000003,-0.03316355404640634,0,1,8480.49000000002,0.0099780701754386
B274,False,5,5,0,158011.54000000004,0.0,5,3,151657.00000000003,0.019417475728155338,5,1,117798.05,0.0,0,3,-6354.540000000008,0.019417475728155338,0,-2,-33858.950000000026,-0.019417475728155338
B275,False,5,5,4,250214.53999999995,0.015151515151515152,4,3,304700.12000000005,0.0,4,3,242988.17999999993,0.04225352112676056,-1,-1,54485.5800000001,-0.015151515151515152,0,0,-61711.94000000012,0.04225352112676056
B276,False,4,4,3,55565.37000000001,0.06521739130434782,4,3,63071.659999999996,0.08333333333333333,4,6,101288.17,0.0,0,0,7506.289999999986,0.018115942028985504,0,3,38216.51,-0.08333333333333333
B277,False,3,3,1,159769.72,0.04,3,1,127862.90999999999,0.05172413793103448,3,0,112347.81999999999,0.2,0,0,-31906.810000000012,0.011724137931034481,0,-1,-15515.089999999997,0.14827586206896554
B278,False,5,5,0,210552.78000000006,0.1,4,6,60209.11,0.058823529411764705,5,1,224373.79,0.03333333333333333,-1,6,-150343.67000000004,-0.0411764705882353,1,-5,164164.68,-0.025490196078431372
B279,False,3,3,0,39974.28,0.09090909090909091,3,0,77287.92000000001,0.0,2,0,24881.579999999998,0.0,0,0,37313.640000000014,-0.09090909090909091,-1,0,-52406.34000000001,0.0
B280,False,6,5,3,120281.12999999999,0.011904761904761904,6,3,143247.24000000002,0.04040404040404041,6,2,120161.08,0.0,1,0,22966.11000000003,0.028499278499278503,0,-1,-23086.160000000018,-0.04040404040404041
B281,False,4,4,2,41685.59,0.0,4,0,40245.619999999995,0.027777777777777776,4,3,74611.91000000002,0.022222222222222223,0,-2,-1439.9700000000012,0.027777777777777776,0,3,34366.29000000002,-0.005555555555555553
B282,False,4,4,0,63896.1,0.15384615384615385,3,0,94426.73999999999,0.0,4,1,126803.73,0.1111111111111111,-1,0,30530.639999999992,-0.15384615384615385,1,1,32376.990000000005,0.1111111111111111
B283,False,4,4,1,391344.51,0.0,4,3,567584.85,0.0,4,1,457219.03,0.0,0,2,176240.33999999997,0.0,0,-2,-110365.81999999995,0.0
